0,newest_id,city,city_id,county,county_id,lat_lng,,newest_name,city_name,newest_id
泰达汉郡豪庭,0286394cf680eb2d544f365ea8d11159,天津市,120000,滨海新区,120116,"117.831480,39.228746",,泰达汉郡豪庭,天津市,0286394cf680eb2d544f365ea8d11159
泰达MSD-佰席,097a061a8569139796ac7cfe63c986fd,天津市,120000,滨海新区,120116,"117.706308,39.023299",,泰达MSD-佰席,天津市,097a061a8569139796ac7cfe63c986fd
滨海名都,1380c3c0fc6fd919e42b16a300cefad4,天津市,120000,滨海新区,120116,"117.658031,39.045132",,滨海名都,天津市,1380c3c0fc6fd919e42b16a300cefad4
大唐世家壹号领馆,153e5388057ac828a83c76013a347ca3,天津市,120000,滨海新区,120116,"117.713759,39.104102",,大唐世家壹号领馆,天津市,153e5388057ac828a83c76013a347ca3
正馨佳居,15adf036f7edb3946fb681f56d48ff08,天津市,120000,滨海新区,120116,"117.627814,39.041051",,正馨佳居,天津市,15adf036f7edb3946fb681f56d48ff08
欣美园,184d0c90656c7eb355fa904e1bc3191b,天津市,120000,滨海新区,120116,"117.580422,39.027280",,欣美园,天津市,184d0c90656c7eb355fa904e1bc3191b
宝利新都汇,18cacc9f25f8452bb5edccd1058ae568,天津市,120000,滨海新区,120116,"117.823556,39.243607",,宝利新都汇,天津市,18cacc9f25f8452bb5edccd1058ae568
中建幸福城,1c2c1290af5795e1e91ad6fa81ae3eb4,天津市,120000,滨海新区,120116,"117.658441,39.102931",,中建幸福城,天津市,1c2c1290af5795e1e91ad6fa81ae3eb4
海尚都,22dfff963cf05e5c85f57a53cb20d9d3,天津市,120000,滨海新区,120116,"117.708820,39.008119",,海尚都,天津市,22dfff963cf05e5c85f57a53cb20d9d3
汉滨城市花园,260e48755ee1620d555d34d960856e2f,天津市,120000,滨海新区,120116,"117.820784,39.256067",,汉滨城市花园,天津市,260e48755ee1620d555d34d960856e2f
泰丰七号,2b2df1c9f3d375dadf90dc61691fb4cd,天津市,120000,滨海新区,120116,"117.711711,39.039052",,泰丰七号,天津市,2b2df1c9f3d375dadf90dc61691fb4cd
城建福源花园,2f07807c34b0942b73e770c9ef728838,天津市,120000,滨海新区,120116,"117.494892,38.854025",,城建福源花园,天津市,2f07807c34b0942b73e770c9ef728838
世茂新街坊,4278c0e9f06680f294fb977cff3bf08c,天津市,120000,滨海新区,120116,"117.738091,39.109711",,世茂新街坊,天津市,4278c0e9f06680f294fb977cff3bf08c
万科双子座,4edc976fa99db891d373b5bbaa116d3e,天津市,120000,滨海新区,120116,"117.727324,39.034862",,万科双子座,天津市,4edc976fa99db891d373b5bbaa116d3e
福华里,52ee9c0160f0c3c60edc7cc22a834cbd,天津市,120000,滨海新区,120116,"117.468698,38.855625",,福华里,天津市,52ee9c0160f0c3c60edc7cc22a834cbd
碧桂园滨海城,54d1c89ba7e61d95b28ad36867f773ce,天津市,120000,滨海新区,120116,"117.766277,39.113268",,碧桂园滨海城,天津市,54d1c89ba7e61d95b28ad36867f773ce
蓟县祥和家园,558af565f79a26721f4a230a3e6da52f,天津市,120000,宝坻区,120115,"117.324891,39.722824",,蓟县祥和家园,天津市,558af565f79a26721f4a230a3e6da52f
天津海棠湾花园,5ed4bc6b126ede6da6f5b35973329b09,天津市,120000,蓟州区,120119,"117.457727,40.057781",,天津海棠湾花园,天津市,5ed4bc6b126ede6da6f5b35973329b09
汉华世家,5edd9481d42fbd67af445106f680b72a,天津市,120000,滨海新区,120116,"117.805653,39.254849",,汉华世家,天津市,5edd9481d42fbd67af445106f680b72a
巴登巴登,5f1c558717a6a568de41d7048f8092c6,天津市,120000,滨海新区,120116,"117.498526,38.860634",,巴登巴登,天津市,5f1c558717a6a568de41d7048f8092c6
|壹区,60d47b2e8bdb3f5d863987a9656f3317,天津市,120000,滨海新区,120116,"117.727847,39.015903",,|壹区,天津市,60d47b2e8bdb3f5d863987a9656f3317
绿地景城,60def9f4324fa3d27501dace869c10ee,天津市,120000,滨海新区,120116,"117.817751,39.235331",,绿地景城,天津市,60def9f4324fa3d27501dace869c10ee
泰达时尚旺角,65e3a2d3afaec2fca28e9dc54fa83e9c,天津市,120000,滨海新区,120116,"117.721847,39.036645",,泰达时尚旺角,天津市,65e3a2d3afaec2fca28e9dc54fa83e9c
房信海景园,686eec4b2a33cd3847c7145148a9ee74,天津市,120000,滨海新区,120116,"117.505005,38.855784",,房信海景园,天津市,686eec4b2a33cd3847c7145148a9ee74
青海园,6afd96f17b0bd28fba753d1093a74a4a,天津市,120000,滨海新区,120116,"117.689957,39.037314",,青海园,天津市,6afd96f17b0bd28fba753d1093a74a4a
津滨滨海国际,6e4e2843c9439a1498be869c2db78f5d,天津市,120000,滨海新区,120116,"117.718327,39.015442",,津滨滨海国际,天津市,6e4e2843c9439a1498be869c2db78f5d
香水湾,72a4387804ceda007e36663e31b57a99,天津市,120000,滨海新区,120116,"117.795851,39.256657",,香水湾,天津市,72a4387804ceda007e36663e31b57a99
尚北园,76660232df672d046c4df5f7a18025d0,天津市,120000,滨海新区,120116,"117.658165,39.063310",,尚北园,天津市,76660232df672d046c4df5f7a18025d0
旷世国际,866d79f39d109f35c1d881ded45f8a9c,天津市,120000,滨海新区,120116,"117.666382,39.002143",,旷世国际,天津市,866d79f39d109f35c1d881ded45f8a9c
宝龙国际中心,870b3b3fb666f159760a19b21c30e9d3,天津市,120000,滨海新区,120116,"117.681177,39.008014",,宝龙国际中心,天津市,870b3b3fb666f159760a19b21c30e9d3
德圣公馆,8b067021409e6b5c1d87dab1157256c5,天津市,120000,滨海新区,120116,"117.722743,39.030200",,德圣公馆,天津市,8b067021409e6b5c1d87dab1157256c5
融创君澜,8c6b399e7f51f9a838aa630169851b18,天津市,120000,滨海新区,120116,"117.698214,39.093870",,融创君澜,天津市,8c6b399e7f51f9a838aa630169851b18
旭辉朗悦湾,8d602b4bcf6ba6e2e955825100302db4,天津市,120000,滨海新区,120116,"117.775380,39.234866",,旭辉朗悦湾,天津市,8d602b4bcf6ba6e2e955825100302db4
心源家园,99d7d9e0b4ce945d240c4ea4c49e0358,天津市,120000,滨海新区,120116,"117.662399,39.055478",,心源家园,天津市,99d7d9e0b4ce945d240c4ea4c49e0358
东海云天,9c4416372d7dd4e64817059d6b394d47,天津市,120000,滨海新区,120116,"117.707850,39.013466",,东海云天,天津市,9c4416372d7dd4e64817059d6b394d47
华城馨苑,9cfdff7ac7c91a99826dda0e45b54799,天津市,120000,滨海新区,120116,"117.822219,39.257300",,华城馨苑,天津市,9cfdff7ac7c91a99826dda0e45b54799
天保月湾花园,9db90dc8e2f3712de5811297c9923bef,天津市,120000,滨海新区,120116,"117.698475,38.912004",,天保月湾花园,天津市,9db90dc8e2f3712de5811297c9923bef
旭辉六号院,a4cddab67185454f85c2c868d766cdd5,天津市,120000,滨海新区,120116,"117.769031,39.128071",,旭辉六号院,天津市,a4cddab67185454f85c2c868d766cdd5
盛星东海岸,a9c7d29c297f7daf6a9fb8998b5b2371,天津市,120000,滨海新区,120116,"117.641615,39.063460",,盛星东海岸,天津市,a9c7d29c297f7daf6a9fb8998b5b2371
旭辉滨海江来,ad7355d1f9a22cd8a43b6ea84848ef6e,天津市,120000,滨海新区,120116,"117.665250,39.016036",,旭辉滨海江来,天津市,ad7355d1f9a22cd8a43b6ea84848ef6e
蓝山国际,af954e609f0ffd7afa8fad611d9bf1fc,天津市,120000,滨海新区,120116,"117.664346,39.055620",,蓝山国际,天津市,af954e609f0ffd7afa8fad611d9bf1fc
世纪祥和新园,b1074f5f32c2630356fc4d99fdfddade,天津市,120000,滨海新区,120116,"117.699100,39.007900",,世纪祥和新园,天津市,b1074f5f32c2630356fc4d99fdfddade
东西沽现房,b4479e8a1c3f91fd12bce024e10386de,天津市,120000,滨海新区,120116,"117.703252,38.978527",,东西沽现房,天津市,b4479e8a1c3f91fd12bce024e10386de
鸿正绿色家园,c1f406a23c759644830f48f17a0fa530,天津市,120000,滨海新区,120116,"117.650030,39.046886",,鸿正绿色家园,天津市,c1f406a23c759644830f48f17a0fa530
堰宾里,c4fa84470217fd4279e52e831d8d129e,天津市,120000,滨海新区,120116,"117.653090,39.055368",,堰宾里,天津市,c4fa84470217fd4279e52e831d8d129e
中交启航嘉园,ca5a19de7cabd1c229c2f5572f15cd32,天津市,120000,滨海新区,120116,"117.740748,39.032905",,中交启航嘉园,天津市,ca5a19de7cabd1c229c2f5572f15cd32
明城东岸,cb622289696e46abd62fdec0c6832c58,天津市,120000,滨海新区,120116,"117.824824,39.234496",,明城东岸,天津市,cb622289696e46abd62fdec0c6832c58
新港雅苑,cce1829f236e2ccfdd5c767a900367e8,天津市,120000,滨海新区,120116,"117.718662,38.992844",,新港雅苑,天津市,cce1829f236e2ccfdd5c767a900367e8
中建御景华庭,d09d49e53eb433ff8dc43e6b5aa8be9e,天津市,120000,滨海新区,120116,"117.783642,39.240281",,中建御景华庭,天津市,d09d49e53eb433ff8dc43e6b5aa8be9e
格林府邸,d6cafb4fb2a4f844c82402a66c93f09b,天津市,120000,宝坻区,120115,"117.303791,39.698496",,格林府邸,天津市,d6cafb4fb2a4f844c82402a66c93f09b
贻芳嘉园,daba0682fd97e598f3acf59ee90d5839,天津市,120000,滨海新区,120116,"117.710173,39.010648",,贻芳嘉园,天津市,daba0682fd97e598f3acf59ee90d5839
东英广场,dcbc49cfd8471fee8d64bed16b39de3d,天津市,120000,滨海新区,120116,"117.692641,39.038232",,东英广场,天津市,dcbc49cfd8471fee8d64bed16b39de3d
四季风情,eb1a6e587f53baa87c51f87ddee350fa,天津市,120000,滨海新区,120116,"117.635268,39.031527",,四季风情,天津市,eb1a6e587f53baa87c51f87ddee350fa
滨海现代城,ebc3ab19677f6a4b2b417083bc3fb75c,天津市,120000,滨海新区,120116,"117.504729,38.859361",,滨海现代城,天津市,ebc3ab19677f6a4b2b417083bc3fb75c
阳光新干线,ef6f0015a38f46535a35c3b5deb00f43,天津市,120000,滨海新区,120116,"117.687038,39.037126",,阳光新干线,天津市,ef6f0015a38f46535a35c3b5deb00f43
金融街-滨海融御,f2275f38d77b787eb9adb4a2b15be65c,天津市,120000,和平区,120101,"117.212668,39.124772",,金融街-滨海融御,天津市,f2275f38d77b787eb9adb4a2b15be65c
远洋城,fc8a7b860028bd719ed019417b82464f,天津市,120000,滨海新区,120116,"117.595724,39.032354",,远洋城,天津市,fc8a7b860028bd719ed019417b82464f
城市名居,fd3fc6b9a1d8f24a412a48743bd12b34,天津市,120000,滨海新区,120116,"117.657211,39.042958",,城市名居,天津市,fd3fc6b9a1d8f24a412a48743bd12b34
朗诗里程,02d0c8a7b5269621fc1058a2fa01af48,上海市,310000,浦东新区,310115,"121.851375,30.866279",,朗诗里程,上海市,02d0c8a7b5269621fc1058a2fa01af48
合生前滩一号别墅,0309d588f628960c5f79263bf6b2c5ca,上海市,310000,浦东新区,310115,"121.488561,31.152174",,合生前滩一号别墅,上海市,0309d588f628960c5f79263bf6b2c5ca
古北御庭,0ab17c2230b8e0dcf5f31888fd599c48,上海市,310000,浦东新区,310115,"121.549020,31.199104",,古北御庭,上海市,0ab17c2230b8e0dcf5f31888fd599c48
碧桂园浦东星作别墅,0fe00e049f42ed985d0296f7639bbc3b,上海市,310000,浦东新区,310115,"121.804551,30.907008",,碧桂园浦东星作别墅,上海市,0fe00e049f42ed985d0296f7639bbc3b
东源丽晶别墅,11531ce052f7c3a0e88133f8ca9fa93a,上海市,310000,浦东新区,310115,"121.621613,31.284498",,东源丽晶别墅,上海市,11531ce052f7c3a0e88133f8ca9fa93a
中房美林别墅,183b64db187169280001a26f443183fa,上海市,310000,徐汇区,310104,"121.447764,31.118872",,中房美林别墅,上海市,183b64db187169280001a26f443183fa
中骏柏景湾,18bf81a2d65615660af3a00591613dcc,上海市,310000,浦东新区,310115,"121.546092,31.117540",,中骏柏景湾,上海市,18bf81a2d65615660af3a00591613dcc
东原逸墅,1fdd5fded8859f841bf2c9b7311208a2,上海市,310000,浦东新区,310115,"121.774478,31.057764",,东原逸墅,上海市,1fdd5fded8859f841bf2c9b7311208a2
万科五d坊,2cb9adbdec4c03a4cb9758d36c9b26e9,上海市,310000,浦东新区,310115,"121.514808,31.156002",,万科五d坊,上海市,2cb9adbdec4c03a4cb9758d36c9b26e9
雍景台,30912b72c146325893d42f292fbd32da,上海市,310000,浦东新区,310115,"121.552852,31.210877",,雍景台,上海市,30912b72c146325893d42f292fbd32da
汇智湖畔家园,3cfcc742e49fa872846ba2c754c41b96,上海市,310000,浦东新区,310115,"121.606159,31.199659",,汇智湖畔家园,上海市,3cfcc742e49fa872846ba2c754c41b96
长泰东郊御园,3d219c9306cd2567a90bfa3c4773661c,上海市,310000,浦东新区,310115,"121.589713,31.024367",,长泰东郊御园,上海市,3d219c9306cd2567a90bfa3c4773661c
御景华庭,4f02f020468b5dc92c5b43c6460eb4fd,上海市,310000,浦东新区,310115,"121.686280,31.192791",,御景华庭,上海市,4f02f020468b5dc92c5b43c6460eb4fd
德州四村,62961de8c7190d500db5b9436e949865,上海市,310000,浦东新区,310115,"121.486048,31.168358",,德州四村,上海市,62961de8c7190d500db5b9436e949865
紫菁庭,7540fbda049be560b69e2d9af9de8eec,上海市,310000,浦东新区,310115,"121.856877,30.872929",,紫菁庭,上海市,7540fbda049be560b69e2d9af9de8eec
华钜御庭,7e368b50611734d73fd41cb86920009e,上海市,310000,浦东新区,310115,"121.770181,31.056002",,华钜御庭,上海市,7e368b50611734d73fd41cb86920009e
泰燕华庭,823d9bcdce2021ebd36d3114869b5bf7,上海市,310000,浦东新区,310115,"121.742766,31.037142",,泰燕华庭,上海市,823d9bcdce2021ebd36d3114869b5bf7
碧云新天地,904f5ff90a4154921e734c6e52a04be5,上海市,310000,浦东新区,310115,"121.588464,31.260287",,碧云新天地,上海市,904f5ff90a4154921e734c6e52a04be5
圣鑫苑,9196531454f210675e670f763d33cd1f,上海市,310000,浦东新区,310115,"121.584567,31.127408",,圣鑫苑,上海市,9196531454f210675e670f763d33cd1f
凯佳尊品国际,953224f45dea23ccbb99d86897859840,上海市,310000,浦东新区,310115,"121.697702,31.175486",,凯佳尊品国际,上海市,953224f45dea23ccbb99d86897859840
陆家嘴锦绣前城,9c2e72a79fc2b728985f0f0515544144,上海市,310000,浦东新区,310115,"121.537669,31.196306",,陆家嘴锦绣前城,上海市,9c2e72a79fc2b728985f0f0515544144
绿地布鲁斯小镇,9ebc8d938600bf54fb894d4870d3d3db,上海市,310000,浦东新区,310115,"121.765985,31.033594",,绿地布鲁斯小镇,上海市,9ebc8d938600bf54fb894d4870d3d3db
保利蔚蓝林语,9f22b0f03326faf98dc0062b2ac86c80,上海市,310000,浦东新区,310115,"121.903992,30.902732",,保利蔚蓝林语,上海市,9f22b0f03326faf98dc0062b2ac86c80
东郊花园,a574fef86c9227bcf84f9b2a4057a17e,上海市,310000,浦东新区,310115,"121.670675,31.225424",,东郊花园,上海市,a574fef86c9227bcf84f9b2a4057a17e
玲珑悦庭,a9ba8976c40e4db6e8258b1de3f98039,上海市,310000,松江区,310117,"121.181686,30.971014",,玲珑悦庭,上海市,a9ba8976c40e4db6e8258b1de3f98039
临港蓝色城邦,a9dd3d96b1a4f33573f5ba561b104f8b,上海市,310000,浦东新区,310115,"121.811117,30.901507",,临港蓝色城邦,上海市,a9dd3d96b1a4f33573f5ba561b104f8b
陆家嘴中央公寓,ae449ae0cfc5a3c935cde8a76c466fdd,上海市,310000,浦东新区,310115,"121.540612,31.214057",,陆家嘴中央公寓,上海市,ae449ae0cfc5a3c935cde8a76c466fdd
南郊中华园两河流域,ae782f0d4c589d01b3e478680520cd97,上海市,310000,浦东新区,310115,"121.581702,31.045350",,南郊中华园两河流域,上海市,ae782f0d4c589d01b3e478680520cd97
宣桥枫庭,b3343281d2f0d4698764afbaf414d733,上海市,310000,浦东新区,310115,"121.718255,31.048656",,宣桥枫庭,上海市,b3343281d2f0d4698764afbaf414d733
绿地梧桐院,c60c83f8e421bbea7f8f8eb66ecc6928,上海市,310000,浦东新区,310115,"121.578379,31.106001",,绿地梧桐院,上海市,c60c83f8e421bbea7f8f8eb66ecc6928
农房碧云公馆,caab3b475b0891ab89630d908d5cca9b,上海市,310000,浦东新区,310115,"121.601709,31.253277",,农房碧云公馆,上海市,caab3b475b0891ab89630d908d5cca9b
浦发御园,d06e953e3f613d6fa65af087ca14e8fc,上海市,310000,浦东新区,310115,"121.534266,31.147101",,浦发御园,上海市,d06e953e3f613d6fa65af087ca14e8fc
临港海滨国际花园,d7538ca71038fb11527cb789422aa5e8,上海市,310000,浦东新区,310115,"121.858415,30.867206",,临港海滨国际花园,上海市,d7538ca71038fb11527cb789422aa5e8
六十四阶别墅,d7f26c7e5e3064e19e4c4c77efa50046,上海市,310000,浦东新区,310115,"121.543315,31.130513",,六十四阶别墅,上海市,d7f26c7e5e3064e19e4c4c77efa50046
伊顿公馆,dbf844ac048180c7d067e5c6aa7bc40a,上海市,310000,浦东新区,310115,"121.784520,31.058335",,伊顿公馆,上海市,dbf844ac048180c7d067e5c6aa7bc40a
月亮湾园,dde33ccc513c6e08c5a79fb534f41c9a,上海市,310000,浦东新区,310115,"121.684156,31.189912",,月亮湾园,上海市,dde33ccc513c6e08c5a79fb534f41c9a
景瑞法兰云廷,e9298c5e54bf628e87b33f42d5bd07dd,上海市,310000,浦东新区,310115,"121.711910,31.038723",,景瑞法兰云廷,上海市,e9298c5e54bf628e87b33f42d5bd07dd
领航uptown,efe2af8684ceb03b8459fcf918ba20ca,上海市,310000,浦东新区,310115,"121.593980,31.036474",,领航uptown,上海市,efe2af8684ceb03b8459fcf918ba20ca
保集澜湾红墅,f0e423d6d4edf9bde7f52d91f4dea615,上海市,310000,浦东新区,310115,"121.674385,31.238923",,保集澜湾红墅,上海市,f0e423d6d4edf9bde7f52d91f4dea615
保利铃兰公馆,f8d3b5e96f29dc37c6858ac5c2ae6888,上海市,310000,浦东新区,310115,"121.918100,30.918663",,保利铃兰公馆,上海市,f8d3b5e96f29dc37c6858ac5c2ae6888
九龙仓兰廷,fc473e8da8d652a646d52237fcaeee85,上海市,310000,浦东新区,310115,"121.591855,31.111592",,九龙仓兰廷,上海市,fc473e8da8d652a646d52237fcaeee85
新城碧翠,ffaa798ef0df74ee19b03e1833ef58af,上海市,310000,浦东新区,310115,"121.584631,31.306140",,新城碧翠,上海市,ffaa798ef0df74ee19b03e1833ef58af
莱茵知己,0100d812772f2eb93c2c170384bb8f2c,杭州市,330100,余杭区,330110,"120.278680,30.427117",,测试楼盘,合肥市,01c98d3223225b98dde93eef908e14fb
东哲钱塘,011b364f4f6ec92daa1cbe09f85e484a,杭州市,330100,钱塘区,330114,"120.196588,30.251630",,金茂正荣岭南府,佛山市,f904ceeccc8f86e2edab12ac7ebde894
富力三江都荟,012a4712f145be4ecc1f02b04839283d,杭州市,330100,富阳区,330111,"119.944611,30.041204",,忠州碧桂园,重庆市,bfabdf52cff11cef5968bb72360d533e
泰美国际大厦,0410a5c7a7ea29cfacfddcb8043814ee,杭州市,330100,拱墅区,330105,"120.106166,30.301563",,忠县恒大悦珑湾,重庆市,e129e526c76d14a40aa8ca6b881084da
绿城临平桂花城,04d3a1877576b7a113dd2a2b5f025e64,杭州市,330100,余杭区,330110,"120.315861,30.416021",,天域南湖,贵阳市,28748da6fd369e0222fdd4ecf6f0e4eb
大江东宝龙广场,0653b01336da7bc230fbb8d7f45a19fd,杭州市,330100,钱塘区,330114,"120.385756,30.311574",,融创金成-湖山赋,上海市,be8f8678783163f03c7ebf5c380b888f
富邦星座,072750e17a9b26d50d6e3d891e59572f,杭州市,330100,上城区,330102,"120.192960,30.244212",,海湾壹号,南通市,00d807f408ce6f26e7adb7542e63fad8
黄鹤山居,072f2c406ab008711abbb65e7c17a51d,杭州市,330100,余杭区,330110,"120.260108,30.399740",,招商海门国际,南通市,02d4c527b1c1f7dbfb7583afeb6b9a03
宋都时间名座后浪,08c6829f82929b83b60108f4abee943b,杭州市,330100,余杭区,330110,"120.281984,30.405787",,悦湖名城,南通市,039974737cbe31cea920c0668419f128
江盛江南岸,0a66cb56c064c8c610aa640e22220b61,杭州市,330100,萧山区,330109,"120.539566,30.284021",,海门中南碧桂园,南通市,0524ddf40f48d42daa61619ab3a96d83
树兰昆源项目,0d3f997c9db46860b3f089d7a8162f14,杭州市,330100,余杭区,330110,"120.263420,30.426539",,三盛璞悦苑,南通市,09a32ab9f8452535752bf16048f2ea42
英冠天地城,0f0821214f56ffc7c4a1c84b59d7640b,杭州市,330100,萧山区,330109,"120.489054,30.267707",,东渐广场,南通市,0fd7311f747831f895cbb0a286db399a
上亿中央郡,1015de4b0182db7ec870a2d912f793e3,杭州市,330100,余杭区,330110,"120.162651,30.381424",,华广新城西路地块,南通市,1a9d6ad2e05ed768551b917ce0c1381e
杭州湾融创文旅城-柳岸阁,13e36bbcb332cc9bd36618411acb268c,杭州市,330100,萧山区,330109,"120.567413,30.276231",,复旦-澜博湾,南通市,2036ff65696ff96c9f159e3c176fa02a
欣北钱江国际广场,14d0a4adedcde21a82db11d22022f7e1,杭州市,330100,余杭区,330110,"120.252633,30.467829",,麒麟嘉苑,南通市,25ef704e9395c0875ba4c679df90f8cb
保亿青晨,15c3355181a3bf7fff4e3aab0e82348e,杭州市,330100,余杭区,330110,"120.297677,30.368459",,海门江海都会,南通市,26f2d84c83f47d01dd3a95a9aed6ad9a
保利罗兰香谷,1663649e7841adbe09ea9e1b9d2ed837,杭州市,330100,钱塘区,330114,"120.236976,30.372807",,佳城御龙湾,南通市,29fa016eea9520eefc4d927607aed6e7
大业江东府,18e51822a409bd45524de28ca6e66d20,杭州市,330100,拱墅区,330105,"120.139013,30.295922",,金鼎名城,南通市,2d639e2136e6d2ec91ac4c04022fba38
北郡中央公馆,1a2df90092b392d4869746633e65024a,杭州市,330100,临安区,330112,"119.720766,30.226561",,云起苑,南通市,31c33f4279ba752478a86710515a8397
伊萨卡国际城,1b94fbcb3cf05556c79e327116b6047f,杭州市,330100,钱塘区,330114,"120.384757,30.289711",,公园里,南通市,3e6cda454f0bd0188ba874bc24779fe9
赞成香颂,1c4b9fdd14fb2298bf9698f1a8959010,杭州市,330100,余杭区,330110,"120.279516,30.429039",,熙悦天玺,南通市,3fb26cd05ba704f834a2d3e6a00e87ea
景丽华庭,1cb30b99dbe7818eca74dd2a7d17450b,杭州市,330100,余杭区,330110,"120.234305,30.456414",,北海幸福苑,南通市,408cd486f08cd12487daa6de0f04b01c
滨江新希望新城未来海岸,1dcf669e8103cb76fab14a52ea891cfb,杭州市,330100,滨江区,330108,"120.151667,30.169379",,水岸观澜苑,南通市,4cbb3136c5cd959605892b8b191cdc39
临江时代花苑,1ed5b6bdf553689881feb860588ec6af,杭州市,330100,萧山区,330109,"120.594573,30.288587",,蓝城-春风蓝田,南通市,529eec28a0474bfb21ae33af3c3f4411
德信大江源著,238b72b5dea1658d4985928845a0a939,杭州市,330100,萧山区,330109,"120.462442,30.299506",,Z园,南通市,56ed1027ac54b364f54fc778d0444b3e
兴耀星悦湾,258600ff2f101cbaca86deacae744cd2,杭州市,330100,萧山区,330109,"120.481761,30.254354",,湖光映月,南通市,62a50eff7cc5e0029e7364a85eda67fe
宝丽金庭,261e5613c93a3e5cb38aea186e765fad,杭州市,330100,余杭区,330110,"120.201675,30.475706",,阅湖,南通市,7282ef488121f2c1a20e93d78afe1bdc
瑞金华翠嘉苑,287ebcd77128440a1728e30e7fb91a90,杭州市,330100,余杭区,330110,"120.254791,30.394817",,京扬数码广场,南通市,734fed399aaca017100e786678d64fbe
绿城蓝庭,2c95224b62a3b39bf7cb92d6918a33a4,杭州市,330100,余杭区,330110,"120.274295,30.428432",,春岚水韵,南通市,765b34760f763b2d9a1f6cb7a9668193
东方铭楼,2ffb67844ea234c1f944ed96d6f25e71,杭州市,330100,钱塘区,330114,"120.333171,30.308621",,春风里,南通市,77ebf0496fbb570e1a4e30e359620a4f
钱塘梧桐蓝山,3016b7066b64696a8c7a3ac7a42f6dd4,杭州市,330100,余杭区,330110,"120.286679,30.396104",,万科方圆,南通市,78e8cb2837907fc4fd28be1059c6642d
中庆-金沙学府,306e0e1e3be34dec0f28f4f4b9b71436,杭州市,330100,钱塘区,330114,"120.383521,30.304314",,鸿泰乐颐小镇,南通市,7a501b1e352c86154f27cec3db4ddd5a
中洲碧桂园花溪源著,31024f0508196f2b6ea6def5c2942911,杭州市,330100,淳安县,330127,"118.488279,29.437265",,海门麓园,南通市,7b00516aac7ccb5243ea7e2552bbf1b3
珑昕泽第,35927b3e885db846a3970a9b472d5f25,杭州市,330100,余杭区,330110,"120.310979,30.424207",,铂翠澜境,南通市,8190c4b7ca11bf501a957b576bb41050
杭州东部国际商务中心,37449b5981899b868a54cb10cf16487d,杭州市,330100,钱塘区,330114,"120.325580,30.310642",,江海都会,南通市,8245c2d1465a1226916f1b500a5038a1
名城湖左岸,38cd1c997896e83abf36096d90f7c7fd,杭州市,330100,钱塘区,330114,"120.326842,30.314439",,崇州府,南通市,86f68938d849de3f28a8b600691a8a11
绿城紫桂公寓,38d52af499e1ce08a7fe5e5e0ebe5615,杭州市,330100,余杭区,330110,"120.256509,30.398054",,海门三盛-璞悦府,南通市,8e5a65f32bdb612b151106ae1b771c2a
至高钱塘一品,391eee28c84aaad8f44e15769aefefbb,杭州市,330100,萧山区,330109,"120.457438,30.301457",,金凤花园,南通市,8f77844c6b0bffe692b716c24b7e1dc2
世纪嘉园晴彩巴厘,396ef5d46299cba3a690b9312a756690,杭州市,330100,余杭区,330110,"120.317678,30.411028",,滨湖花园,南通市,9439b5c3bf5ada7899d4869bd39c63be
美好桂花星座,399f978d9390a4d2a7dfad2407ca9da6,杭州市,330100,余杭区,330110,"120.262967,30.384231",,御景园,南通市,9a31803ef7580fcb93e75b136435b820
万城景湖园,3a57c47a251d2cd5b18514661da1da68,杭州市,330100,余杭区,330110,"120.198393,30.472536",,海门中南樾府,南通市,9a68540d27608c8bea6dd95e158f9913
高尔夫公馆,3cd12e7dfeab8448915242d31c24f74d,杭州市,330100,上城区,330102,"120.152157,30.203651",,万科半岛国际,南通市,9ab1c84bbf9c11eb86162cea7f6c2bde
和达东东城,3eb6b1f1020049da2c2b48ea70b127b6,杭州市,330100,钱塘区,330114,"120.388591,30.296363",,长宏水岸名城,南通市,9d6427ccb7874de95c48b22dc0bf5056
宏河嘉园,43c92ed9421b5b42a84d4e63f711218c,杭州市,330100,萧山区,330109,"120.457609,30.295045",,德美花园,南通市,b6b332eff9620d88b2982ec857743b88
东海柠檬郡,441b69200c14618ba96d0a27344bb1ad,杭州市,330100,钱塘区,330114,"120.320985,30.297345",,荣和园,南通市,c2a5f63ffecc345bf7f6a9c1ef48146c
嘉信九悦印象,453dac702025ad2ebce227ba89da618c,杭州市,330100,余杭区,330110,"120.308247,30.418064",,海门沁园,南通市,cca8c483ef60608f37d43ec46ad080fc
华宇家园,46769eba999a28dbe6ffbf0e3686d833,杭州市,330100,余杭区,330110,"120.309785,30.431131",,海门上悦城,南通市,cd1568809839b8e37722585716617a85
万宝城,46f44ef28ae286e400c43375674f94ba,杭州市,330100,余杭区,330110,"120.284223,30.432485",,半岛托斯卡纳,南通市,d02cb703495e22cf95f63d25b5b11f0a
东尚国际寓所,4912637f305d871343c466972d042136,杭州市,330100,钱塘区,330114,"120.355785,30.288117",,金鼎朗诗熙华府,南通市,d12a1bdb6a83ea05af2e7455eda129b9
蓝色港湾,4a7610e6709eb505d9b7219ca9c1b0bc,杭州市,330100,萧山区,330109,"120.536452,30.279038",,万科翡翠甲第,南通市,d7eaa7e7674520aaea4602f92691a7d4
水乡华庭,4a9bb23b4ac59c21d2b8d37c89238e59,杭州市,330100,余杭区,330110,"120.184615,30.471558",,柳岸春风,南通市,d8f1d0adf3d6e56cf772907b10815946
五月花城,4bae38e40e640fe735ca8b646f8df9e5,杭州市,330100,余杭区,330110,"120.269538,30.401439",,春江明月苑,南通市,dda94f9cbab9553b42a968bbf973b158
广厦天都城爵士花园,4bef9b9e141500250beabce5b8046361,杭州市,330100,余杭区,330110,"120.245307,30.377866",,蓝光雍锦星洲湾,南通市,e1f4f7bef107bda6cb94046a3669cf2d
贝利栖溪望府,4c9a9be8b7cd4cd0dbb237341b14310e,杭州市,330100,余杭区,330110,"120.200428,30.477636",,中华园,南通市,e213ed1d3cd4531c7dd3d2da38f44c6c
杭州乔司商城,4c9b63d0f144431702a03fdda7189265,杭州市,330100,余杭区,330110,"120.287298,30.355359",,北宸壹号馨园,南通市,e4869521fe152299be2e5aa0026c6393
大地-西城美院,4dc4a3dd0392a67aa49cc95a6b559f61,杭州市,330100,上城区,330102,"120.194980,30.243748",,南通绿地智公馆,南通市,e7f75056d0b18f0b4cf8711d4c4f742b
元都新景,4f825d046d099bea290e8ee1698a0fd2,杭州市,330100,钱塘区,330114,"120.205622,30.344007",,骏园,南通市,e7fcd8dae35e49759e0fe475a66487ad
保利城市果岭,5095993b356f71d1633f55e56f3566d1,杭州市,330100,钱塘区,330114,"120.395508,30.328525",,合鸣苑,南通市,eb89e678cd070a21aee6896784cc6275
金帝海珀,54c9fcce3c98e187d90006e4465bc9de,杭州市,330100,余杭区,330110,"120.284830,30.429956",,苏建优景美地,南通市,ed902e1321ca8a96002a473b6f067d38
碧桂园枫景尚院,561161a9d6f9afd38b832d81b6676bb4,杭州市,330100,钱塘区,330114,"120.392491,30.330876",,智汇雅苑,南通市,f3d8c8a472f42b5c90fd5d9715b55d58
运河玲珑香榭南苑,5684898cb1e4f6d6b376002ebdbdea61,杭州市,330100,余杭区,330110,"120.299611,30.455151",,莱茵知己,杭州市,0100d812772f2eb93c2c170384bb8f2c
广厦天都城紫韵公寓,57177ed5dc93959f39879b8a9f3861c4,杭州市,330100,余杭区,330110,"120.250343,30.379873",,东哲钱塘,杭州市,011b364f4f6ec92daa1cbe09f85e484a
赞成首府,5783e645adc29a56c6a09067f48f8bad,杭州市,330100,余杭区,330110,"120.283580,30.389573",,富力三江都荟,杭州市,012a4712f145be4ecc1f02b04839283d
经纬美耀湾,57bd67715d72a2991961de06ad9fdedb,杭州市,330100,余杭区,330110,"120.254069,30.397859",,泰美国际大厦,杭州市,0410a5c7a7ea29cfacfddcb8043814ee
龙湖香醍溪岸,5b8e276c5f69aa0ab10ecedc7d982b92,杭州市,330100,余杭区,330110,"120.233379,30.445877",,相寓,杭州市,04931dca1bb6cca2eee229816adc7da4
盛泰名都中心,5ce6c9ac3b945a2c81b144ec3d2f8f51,杭州市,330100,钱塘区,330114,"120.347878,30.304365",,绿城临平桂花城,杭州市,04d3a1877576b7a113dd2a2b5f025e64
富春崇贤金属港,5d7a0674da3f27023868e88760326862,杭州市,330100,余杭区,330110,"120.135495,30.398057",,大江东宝龙广场,杭州市,0653b01336da7bc230fbb8d7f45a19fd
德信中外公寓,5d9e4b91a39b1dc45a6a8df1e3d5873b,杭州市,330100,钱塘区,330114,"120.329898,30.313189",,富邦星座,杭州市,072750e17a9b26d50d6e3d891e59572f
朗诗花漫里,5da3e29c5a18a3ac6b1d67927959a43a,杭州市,330100,余杭区,330110,"120.281283,30.346116",,黄鹤山居,杭州市,072f2c406ab008711abbb65e7c17a51d
新希望锦畔云汀,5e9eed51680d50e63b5d2ac72f970954,杭州市,330100,临安区,330112,"119.725496,30.244714",,宋都时间名座后浪,杭州市,08c6829f82929b83b60108f4abee943b
理想四维理想家园,60326bd27903aa176b7a5436cf8268e1,杭州市,330100,余杭区,330110,"120.310040,30.429500",,江盛江南岸,杭州市,0a66cb56c064c8c610aa640e22220b61
东冠逸景花苑,61a1b65bb56bea8d541f0bc8601ffa6f,杭州市,330100,余杭区,330110,"120.289808,30.345865",,树兰昆源项目,杭州市,0d3f997c9db46860b3f089d7a8162f14
盈都揽悦,62daac25fbeaff0577a7c68d8c47dfc9,杭州市,330100,钱塘区,330114,"120.379257,30.337364",,创智金宸,杭州市,0ed6454127d780971e5ee099252cfa39
杭州宝龙城市广场,631e7c667a78fcdac3e47d1991832a58,杭州市,330100,钱塘区,330114,"120.383892,30.311511",,英冠天地城,杭州市,0f0821214f56ffc7c4a1c84b59d7640b
新加坡杭州科技园,63b8b35768802719c0cdf1584861b3f0,杭州市,330100,钱塘区,330114,"120.369726,30.304334",,上亿中央郡,杭州市,1015de4b0182db7ec870a2d912f793e3
绿城财通中心,67975c76a0710c50cf0e1a4fd3cb18e1,杭州市,330100,钱塘区,330114,"120.327770,30.308678",,杭州湾融创文旅城-柳岸阁,杭州市,13e36bbcb332cc9bd36618411acb268c
东田-东城上庭,6856af5b6621f222fdd385cf38a396d9,杭州市,330100,余杭区,330110,"120.060936,30.382765",,欣北钱江国际广场,杭州市,14d0a4adedcde21a82db11d22022f7e1
理想银泰城,6a53ddc6f8e26dc0e327fb9600028ce7,杭州市,330100,余杭区,330110,"120.301330,30.404205",,保亿青晨,杭州市,15c3355181a3bf7fff4e3aab0e82348e
春风江南府,6ce3257fd6dd901f5a77e803cbedecb5,杭州市,330100,余杭区,330110,"120.203927,30.474665",,保利罗兰香谷,杭州市,1663649e7841adbe09ea9e1b9d2ed837
中天锦澜府,6e3abb221d5f6507d609a348f86d85fe,杭州市,330100,西湖区,330106,"120.117132,30.290974",,大诚-金廷府,杭州市,180c065fa2e600db116c99bc2615b078
塘栖嘉园,6e487d14c5c33049b35379227ec5f1b2,杭州市,330100,余杭区,330110,"120.192136,30.480656",,大业江东府,杭州市,18e51822a409bd45524de28ca6e66d20
金地艺境,6ff15763865d2a21720092b6d652c8d2,杭州市,330100,余杭区,330110,"120.298148,30.361123",,北郡中央公馆,杭州市,1a2df90092b392d4869746633e65024a
中意名仕苑,704f7b286b8d4925187abbd9ba22e08d,杭州市,330100,余杭区,330110,"120.300777,30.408514",,伊萨卡国际城,杭州市,1b94fbcb3cf05556c79e327116b6047f
新鹏-四季风景,71e3d2a5c89eff6baa3136e7487dfe9e,杭州市,330100,钱塘区,330114,"120.347527,30.302443",,赞成香颂,杭州市,1c4b9fdd14fb2298bf9698f1a8959010
华景川运河宸园,72e5c6d80c3d1026e1a3c4e132d2af4c,杭州市,330100,拱墅区,330105,"120.132968,30.315526",,景丽华庭,杭州市,1cb30b99dbe7818eca74dd2a7d17450b
中和北宸府,74262f517e1268e93e527a3323661318,杭州市,330100,余杭区,330110,"120.168009,30.378946",,滨江新希望新城未来海岸,杭州市,1dcf669e8103cb76fab14a52ea891cfb
景瑞御华府,742b5189aeb36aa12391eece04372336,杭州市,330100,余杭区,330110,"120.276922,30.386395",,临江时代花苑,杭州市,1ed5b6bdf553689881feb860588ec6af
阳光华城,75c1bf932eadd5fa008f966c304ece95,杭州市,330100,钱塘区,330114,"120.375890,30.306880",,绿城桂语钱塘,杭州市,207c024efb6b336b961c13168ab118c8
丰隆百翘香江,787091dcd4f86386935a35ce11d2714a,杭州市,330100,钱塘区,330114,"120.389687,30.328071",,德信大江源著,杭州市,238b72b5dea1658d4985928845a0a939
保利湾天地,792d2ae515365e608a7a2ee3448989e4,杭州市,330100,钱塘区,330114,"120.370263,30.272344",,万科都会东方,杭州市,243ce993affd99e787b755a7ac55f188
经纬御贤府,7a3d0d41a4902835aedf78106538a8e7,杭州市,330100,余杭区,330110,"120.164508,30.380618",,余政储出【2014】38号地块,杭州市,243df7029895ea210685911d5c0638f7
滨江春天阳光名城,7bab858ae2ce11dffd5155e385047bd0,杭州市,330100,滨江区,330108,"120.151667,30.169379",,金辉久尚云筑,杭州市,2503103b79f45e6a22a229e8618b0eb0
华立和郡,7d371556513ac5b1cfba6793fbe4219c,杭州市,330100,余杭区,330110,"120.304314,30.432947",,兴耀星悦湾,杭州市,258600ff2f101cbaca86deacae744cd2
广厦天都城宾果公寓,7e645a1e19a2ae5eeb18e55f245cdaf1,杭州市,330100,余杭区,330110,"120.250443,30.382673",,宝丽金庭,杭州市,261e5613c93a3e5cb38aea186e765fad
蓝江四季晶品,7e8ada608880cbc033d981f0d65543d4,杭州市,330100,余杭区,330110,"120.277500,30.431030",,瑞金华翠嘉苑,杭州市,287ebcd77128440a1728e30e7fb91a90
广大逸品,7f65c87e3432b97e043b417e34bb9aab,杭州市,330100,余杭区,330110,"120.311518,30.417720",,绿城蓝庭,杭州市,2c95224b62a3b39bf7cb92d6918a33a4
城建锦昌年华,804ec09160bd8b6054931a10a1906e90,杭州市,330100,余杭区,330110,"120.170043,30.381371",,绿地香港宸瀚里,杭州市,2dded5c3b628b207bb03304177196af7
华元云水苑,819fc81456596ca47e5069e0d0746841,杭州市,330100,钱塘区,330114,"120.386029,30.304051",,云帆未来社区,杭州市,2fa1f238ccf8c2c66619e877ebc5e92b
南大暖东,81e17eec64f83b97cc0a94d79f597dbd,杭州市,330100,钱塘区,330114,"120.379285,30.337302",,东方铭楼,杭州市,2ffb67844ea234c1f944ed96d6f25e71
雍熙山,82942e2b560e7e842adcadd0813ca748,杭州市,330100,余杭区,330110,"120.295697,30.422933",,钱塘梧桐蓝山,杭州市,3016b7066b64696a8c7a3ac7a42f6dd4
塘栖金石华城,832c247dc6d961ab76dffbf06348c92c,杭州市,330100,余杭区,330110,"120.199012,30.473268",,中庆-金沙学府,杭州市,306e0e1e3be34dec0f28f4f4b9b71436
和庄云顶,849d1ea4cb88caa68e97f589cbc9cacd,杭州市,330100,西湖区,330106,"120.072482,30.257047",,中洲碧桂园花溪源著,杭州市,31024f0508196f2b6ea6def5c2942911
和达城,88bd24dcc7ba8eb460e6c96d42513136,杭州市,330100,钱塘区,330114,"120.347730,30.308842",,珑昕泽第,杭州市,35927b3e885db846a3970a9b472d5f25
保利东湾,88cca922055e1e418713dfacd3ea8147,杭州市,330100,钱塘区,330114,"120.376117,30.273270",,杭州东部国际商务中心,杭州市,37449b5981899b868a54cb10cf16487d
绿城风华苑,88eddfef37864193a5a29dac3b5e9b8c,杭州市,330100,余杭区,330110,"120.285516,30.399355",,名城湖左岸,杭州市,38cd1c997896e83abf36096d90f7c7fd
美郡园,8d39040970f19e77c865acda81c552d2,杭州市,330100,萧山区,330109,"120.492393,30.272555",,绿城紫桂公寓,杭州市,38d52af499e1ce08a7fe5e5e0ebe5615
赞成檀府,90a5ae9e0029bfcc4e169af46c7f2803,杭州市,330100,余杭区,330110,"120.318511,30.432467",,至高钱塘一品,杭州市,391eee28c84aaad8f44e15769aefefbb
龙湖天宸原著,92626f6114a04f8bfa4a941be829669d,杭州市,330100,钱塘区,330114,"120.328047,30.310309",,世纪嘉园晴彩巴厘,杭州市,396ef5d46299cba3a690b9312a756690
梦琴湾,927fdd963285c429249f055f3f583149,杭州市,330100,钱塘区,330114,"120.388961,30.298193",,美好桂花星座,杭州市,399f978d9390a4d2a7dfad2407ca9da6
贝利栖溪公馆,933e66c7a92ce597d1c61213969885e6,杭州市,330100,余杭区,330110,"120.190590,30.469622",,融创-云帆未来社区,杭州市,39b65cced9e459167a99cfbd93a925b7
琅琴湾,9430e211a25113ba73d411b578723b5d,杭州市,330100,萧山区,330109,"120.492707,30.325414",,万城景湖园,杭州市,3a57c47a251d2cd5b18514661da1da68
广厦天都城蓝调公寓,94b85efaf2f60d2b1cd2e2d57a373570,杭州市,330100,余杭区,330110,"120.246306,30.378949",,万科钱塘东方,杭州市,3a6b99357d38394da5fc24bf6c93a4f0
东厦东港花苑,94cd7d9d7a9a5c459ea9d3578e69bc77,杭州市,330100,余杭区,330110,"120.271666,30.431600",,万丽璞丽,杭州市,3b8d0820690a192188baa63739b92cea
桂花星城,96095b74004b8a72993900412f5412cf,杭州市,330100,余杭区,330110,"120.316473,30.412715",,高尔夫公馆,杭州市,3cd12e7dfeab8448915242d31c24f74d
世茂首府,961d95a96955b80e14351b2c847a7c21,杭州市,330100,钱塘区,330114,"120.383219,30.285329",,和达东东城,杭州市,3eb6b1f1020049da2c2b48ea70b127b6
中国铁建保利像素,96e92a55eec60a7da795157e7db1bc2f,杭州市,330100,钱塘区,330114,"120.385307,30.333163",,海宁印象精品酒店,杭州市,434ca179489ed6614687dafbac4ce6f8
美达晓城天地,9993a757f20b184ab5b918961cce471c,杭州市,330100,钱塘区,330114,"120.330306,30.309640",,宏河嘉园,杭州市,43c92ed9421b5b42a84d4e63f711218c
野风启城,9b1f6e5a9b2b65080ab1c03daaa62fca,杭州市,330100,余杭区,330110,"120.229333,30.455850",,东海柠檬郡,杭州市,441b69200c14618ba96d0a27344bb1ad
杭州湾融创文旅城-凭澜居西区,9b637890bf9c11eb86162cea7f6c2bde,杭州市,330100,西湖区,330106,"120.112836,30.282554",,嘉信九悦印象,杭州市,453dac702025ad2ebce227ba89da618c
绿城集团52号地块,9f217b52793180bc16dbac3841983c23,杭州市,330100,西湖区,330106,"120.140617,30.269447",,华宇家园,杭州市,46769eba999a28dbe6ffbf0e3686d833
广大嘉利花园,a07300df528840337a32af016a76f7f5,杭州市,330100,余杭区,330110,"120.312518,30.416112",,万宝城,杭州市,46f44ef28ae286e400c43375674f94ba
中旅时光里,a65ac4c774874ccc2c860b2d348fd35c,杭州市,330100,建德市,330182,"119.278060,29.470450",,东尚国际寓所,杭州市,4912637f305d871343c466972d042136
碧桂园越溪府,a6c7f64a91f99a778b1755db108d18db,杭州市,330100,钱塘区,330114,"120.392491,30.330876",,蓝色港湾,杭州市,4a7610e6709eb505d9b7219ca9c1b0bc
保利江语海,a826fb0a5410377d75734d00517ccb40,杭州市,330100,钱塘区,330114,"120.392723,30.304327",,水乡华庭,杭州市,4a9bb23b4ac59c21d2b8d37c89238e59
阳光城兴耀花漾里,a86351e135e612fc76a22e78e0c2ace6,杭州市,330100,余杭区,330110,"119.936485,30.240591",,五月花城,杭州市,4bae38e40e640fe735ca8b646f8df9e5
龙湖春江天越,a90b92f18b88f9463dd01cd32bc16d40,杭州市,330100,钱塘区,330114,"120.328047,30.310309",,广厦天都城爵士花园,杭州市,4bef9b9e141500250beabce5b8046361
树兰书香名邸,aa16cbb0e5af8510bddec68889932d47,杭州市,330100,余杭区,330110,"120.266890,30.414646",,贝利栖溪望府,杭州市,4c9a9be8b7cd4cd0dbb237341b14310e
保利玫瑰湾,ab78c309b21ac782069a1b14aa7ae4d7,杭州市,330100,钱塘区,330114,"120.359499,30.265850",,杭州乔司商城,杭州市,4c9b63d0f144431702a03fdda7189265
绿城莲园,acdbf03226e250a638a984ee5dfe8393,杭州市,330100,余杭区,330110,"120.288042,30.437054",,大地-西城美院,杭州市,4dc4a3dd0392a67aa49cc95a6b559f61
复地连城国际,ad32e55d022c1fd33c573805c633d883,杭州市,330100,余杭区,330110,"120.288726,30.334766",,元都新景,杭州市,4f825d046d099bea290e8ee1698a0fd2
佳兆业君汇上品,ad3690b0e17ca6e86498457553af0db9,杭州市,330100,余杭区,330110,"120.292796,30.333362",,保利城市果岭,杭州市,5095993b356f71d1633f55e56f3566d1
越秀景瑞悦见山,b150993008a4c4f06d32c0bf0dd04be4,杭州市,330100,临安区,330112,"119.824362,30.261634",,路劲远洋江南院子,杭州市,54a6d5613eacd98ef6c08c4649090b0a
首业御东湾,b3490040b5cd071274a3f557285012c9,杭州市,330100,萧山区,330109,"120.455527,30.294917",,金帝海珀,杭州市,54c9fcce3c98e187d90006e4465bc9de
嘉和银领时代,b566a02c004d2af28cf430312afba327,杭州市,330100,余杭区,330110,"120.261584,30.395657",,碧桂园枫景尚院,杭州市,561161a9d6f9afd38b832d81b6676bb4
德信早城,b67247e5ceb72d28477d2012e5807e89,杭州市,330100,钱塘区,330114,"120.329341,30.312774",,运河玲珑香榭南苑,杭州市,5684898cb1e4f6d6b376002ebdbdea61
新城英冠-香悦和鸣,b73757b325b7d7cb263ca11b99e52dd6,杭州市,330100,钱塘区,330114,"120.213982,30.250397",,广厦天都城紫韵公寓,杭州市,57177ed5dc93959f39879b8a9f3861c4
龙湖江与城,ba57f0cc22390cc3ceada233e248e7ad,杭州市,330100,钱塘区,330114,"120.328047,30.310309",,赞成首府,杭州市,5783e645adc29a56c6a09067f48f8bad
野风海天城,bb3addc1f7d1b7a7326b33edbdae4f5f,杭州市,330100,钱塘区,330114,"120.385577,30.299663",,经纬美耀湾,杭州市,57bd67715d72a2991961de06ad9fdedb
临平芳满庭,bece7dd2eaf68cf9b34bdc05a7d47d3a,杭州市,330100,余杭区,330110,"120.302265,30.421949",,龙湖香醍溪岸,杭州市,5b8e276c5f69aa0ab10ecedc7d982b92
绿城蓝庭花园洋房,c0a1cbdb8673c8cb1978b308917ed35b,杭州市,330100,余杭区,330110,"120.274295,30.428432",,盛泰名都中心,杭州市,5ce6c9ac3b945a2c81b144ec3d2f8f51
碧桂园万科悦望名邸,c21adc236c9114335bbccd6e605ac9dc,杭州市,330100,钱塘区,330114,"120.392491,30.330876",,富春崇贤金属港,杭州市,5d7a0674da3f27023868e88760326862
滨江春盛大江名筑,c28d56887fb8b8b11e394cf4ad769a91,杭州市,330100,滨江区,330108,"120.151667,30.169379",,德信中外公寓,杭州市,5d9e4b91a39b1dc45a6a8df1e3d5873b
新城山语院,c354be6a5d84eb5fd23da89916814862,杭州市,330100,余杭区,330110,"120.282497,30.426232",,朗诗花漫里,杭州市,5da3e29c5a18a3ac6b1d67927959a43a
莱茵旺角七号,c3f4d846d097f4402ff425b4f1f38772,杭州市,330100,余杭区,330110,"120.305828,30.432257",,新希望锦畔云汀,杭州市,5e9eed51680d50e63b5d2ac72f970954
华鼎君临阁,c40ddfdbf535905666f0bd0a0a6773f8,杭州市,330100,余杭区,330110,"120.311112,30.403243",,理想四维理想家园,杭州市,60326bd27903aa176b7a5436cf8268e1
华鼎君临天下城,c49095d86fe37dc70946a0d9846b7d9c,杭州市,330100,余杭区,330110,"120.311123,30.404645",,三迪枫丹雅居,杭州市,6099372e1e0e36df9c1f4c0a87da4a40
中梁百悦城,c529d95f05e35a870f1b80e9264a7663,杭州市,330100,余杭区,330110,"120.271874,30.437830",,荣安柳岸闻莺,杭州市,6166175b9196565165e85dd279981602
理想康城一品,c7d4b09b5898752861dc4d34263c8434,杭州市,330100,余杭区,330110,"120.291640,30.403935",,东冠逸景花苑,杭州市,61a1b65bb56bea8d541f0bc8601ffa6f
朗诗未来街区东园,c9f3200498d8805838007656f577d493,杭州市,330100,余杭区,330110,"120.304507,30.363199",,盈都揽悦,杭州市,62daac25fbeaff0577a7c68d8c47dfc9
安佳北郡,cbd943e6953fad33c9f6cf085e5883ca,杭州市,330100,余杭区,330110,"120.165620,30.383890",,杭州宝龙城市广场,杭州市,631e7c667a78fcdac3e47d1991832a58
通和十二橡树颂居,cc7257de1672037e499be112012dd782,杭州市,330100,余杭区,330110,"120.250683,30.395310",,新加坡杭州科技园,杭州市,63b8b35768802719c0cdf1584861b3f0
保利唐宁十号府,cdbe5b843602025b7fd7bc1d3ac26f86,杭州市,330100,钱塘区,330114,"120.392977,30.303871",,杭州江山风华,杭州市,640c4139f113aad810393344e1316ad8
帝凯帝景园,cf61bbc7e4c60b872ee2871bd566a8da,杭州市,330100,萧山区,330109,"120.463513,30.297651",,绿城财通中心,杭州市,67975c76a0710c50cf0e1a4fd3cb18e1
龙湖滟澜山,cf65dcc2000cd1529ad00caddd489701,杭州市,330100,钱塘区,330114,"120.327022,30.312913",,星央悦府,杭州市,67f1a356272b7df1d1dc93a7b1b91884
经建绅世郡,d0f8f1c49735731bd2da6e4f1c46c5fe,杭州市,330100,余杭区,330110,"120.280169,30.404314",,东田-东城上庭,杭州市,6856af5b6621f222fdd385cf38a396d9
通和十二橡树,d1266d79088a1cb1c8792d55d4b5a15c,杭州市,330100,余杭区,330110,"120.250683,30.395310",,远洋湖映宸章,杭州市,6956744f5257c86086394941aff973ed
宝龙城市广场,d266138899b586599f0e132b9d866c2e,杭州市,330100,钱塘区,330114,"120.383892,30.311511",,理想银泰城,杭州市,6a53ddc6f8e26dc0e327fb9600028ce7
宋都橄榄墅,d30a6bd6f99a57b4a0861513a56dd119,杭州市,330100,钱塘区,330114,"120.395731,30.325698",,春风江南府,杭州市,6ce3257fd6dd901f5a77e803cbedecb5
星桥桂花城,d3725ff373bc5cf16c6a26cc7e1c989c,杭州市,330100,余杭区,330110,"120.265250,30.397208",,中天锦澜府,杭州市,6e3abb221d5f6507d609a348f86d85fe
美好桂花金座,d54a34973d43b5f358802e13d2af5968,杭州市,330100,余杭区,330110,"120.253735,30.391037",,塘栖嘉园,杭州市,6e487d14c5c33049b35379227ec5f1b2
碧桂园良樾,d54b2d529cf841b0447264dff882784e,杭州市,330100,钱塘区,330114,"120.392491,30.330876",,曲江新鸥鹏杭州第三城,杭州市,6e5fc8f03d26e01ed4126cb310aab48c
潮闻天下,d7ca26781da24a687b7b38089308e472,杭州市,330100,萧山区,330109,"120.415524,30.287726",,金地艺境,杭州市,6ff15763865d2a21720092b6d652c8d2
旭辉宝龙东湖城,d858d0101d77ba1446a5fb12c83094b0,杭州市,330100,钱塘区,330114,"120.381884,30.312411",,中意名仕苑,杭州市,704f7b286b8d4925187abbd9ba22e08d
东裕华庭,d8900478acc29ecd0848bd83636c1eb5,杭州市,330100,萧山区,330109,"120.593362,30.287275",,新鹏-四季风景,杭州市,71e3d2a5c89eff6baa3136e7487dfe9e
九城渔人码头,d926f8675f46e59b63fefafa28fa3e4a,杭州市,330100,余杭区,330110,"120.310113,30.422961",,天都城沁源公寓,杭州市,722b5fca7f14b9a37f8579f05799cb15
都市港湾,d95018319cef00e2178cbdb768a7acd5,杭州市,330100,余杭区,330110,"120.303801,30.439109",,华景川运河宸园,杭州市,72e5c6d80c3d1026e1a3c4e132d2af4c
朗诗未来街区,daa039d6367e627e710151d6a0227e18,杭州市,330100,余杭区,330110,"120.301236,30.363502",,御清城,杭州市,734b707292005e2a6b1095817ce19aa9
福雷德广场,dd63a2ff42f11641a1c2068005112c86,杭州市,330100,钱塘区,330114,"120.348042,30.316659",,中和北宸府,杭州市,74262f517e1268e93e527a3323661318
碧桂园天麓府,ddf3ad32447714087f2e614629efd81c,杭州市,330100,钱塘区,330114,"120.392491,30.330876",,景瑞御华府,杭州市,742b5189aeb36aa12391eece04372336
保利42号地块,de066d1e65c5fa354251434714b618d7,杭州市,330100,钱塘区,330114,"120.371000,30.273000",,阳光华城,杭州市,75c1bf932eadd5fa008f966c304ece95
华源天盛中心,de0f9b14b216c86f218611da5f9fa22d,杭州市,330100,余杭区,330110,"120.307266,30.417231",,吉翔梅里印象,杭州市,7704f14f1d644f00b67f64380c827555
星运丽园兰逸,ded55832a12d1bc6c3a05717d4838a03,杭州市,330100,余杭区,330110,"120.262520,30.393754",,丰隆百翘香江,杭州市,787091dcd4f86386935a35ce11d2714a
宋都晨光国际,e2c723be33609b5c4745bee5eeab7062,杭州市,330100,钱塘区,330114,"120.379179,30.284531",,保利湾天地,杭州市,792d2ae515365e608a7a2ee3448989e4
绿城玉园,e64e5fe873198ca8075239c688e900f2,杭州市,330100,余杭区,330110,"120.291350,30.404956",,经纬御贤府,杭州市,7a3d0d41a4902835aedf78106538a8e7
和达御观邸,e806bfa1ead75e8b52ba711850548456,杭州市,330100,钱塘区,330114,"120.330612,30.307819",,孔雀城京杭上宸,杭州市,7a48904922f08cbc0dd354528ed33217
滨江华成大江之星,e885558c312f03a2dc3aeea80a9d6222,杭州市,330100,滨江区,330108,"120.151667,30.169379",,世茂美的云筑,杭州市,7b884115f628add91baa5eb8f4495e1b
多蓝水岸,ede851045cb7affdec133a4530325c38,杭州市,330100,钱塘区,330114,"120.386248,30.295101",,滨江春天阳光名城,杭州市,7bab858ae2ce11dffd5155e385047bd0
华艺星座,eeee43f3c75f970a93827eaf4b6ce9f5,杭州市,330100,余杭区,330110,"120.252848,30.393938",,华立和郡,杭州市,7d371556513ac5b1cfba6793fbe4219c
滨江新希望新城海名雅园,eef1df05c6b17249fefd3aaca80ac87e,杭州市,330100,滨江区,330108,"120.151667,30.169379",,广厦天都城宾果公寓,杭州市,7e645a1e19a2ae5eeb18e55f245cdaf1
鑫福万泰华庭,ef2d5ce0784571e5ce6c416cc1752504,杭州市,330100,萧山区,330109,"120.497305,30.263998",,蓝江四季晶品,杭州市,7e8ada608880cbc033d981f0d65543d4
复地又一城,ef48d7bb1b7ce9cad6b9777b2543fb8d,杭州市,330100,余杭区,330110,"120.292107,30.336047",,广大逸品,杭州市,7f65c87e3432b97e043b417e34bb9aab
杭州碧桂园,f037882ebbab599239185b63372ecec9,杭州市,330100,钱塘区,330114,"120.393291,30.330140",,城建锦昌年华,杭州市,804ec09160bd8b6054931a10a1906e90
精欧荣寓,f071113f597d052e99012aa6b464ebd6,杭州市,330100,钱塘区,330114,"120.351222,30.302484",,华元云水苑,杭州市,819fc81456596ca47e5069e0d0746841
杭房江东华府,f9497acd5978d4c8ea86e9694c044a4a,杭州市,330100,萧山区,330109,"120.593417,30.291667",,南大暖东,杭州市,81e17eec64f83b97cc0a94d79f597dbd
华元欢乐城小宝,fa2d21521daee4ed1c79fbe10bf47295,杭州市,330100,余杭区,330110,"120.304160,30.396430",,雍熙山,杭州市,82942e2b560e7e842adcadd0813ca748
广厦天都城温莎花园,fc94958ef947362dcb2788600a109d1c,杭州市,330100,余杭区,330110,"120.242515,30.386456",,绿城华景川百合花园,杭州市,82b9588b35c2018d458c0a8280183cbc
金隅观澜时代,fe9da230a6088b3840d325f5bf165ac5,杭州市,330100,钱塘区,330114,"120.368687,30.267253",,塘栖金石华城,杭州市,832c247dc6d961ab76dffbf06348c92c
宋都丽郡国际,fecf0c39e840c21d76ce36b2cda4af86,杭州市,330100,萧山区,330109,"120.491349,30.273107",,和庄云顶,杭州市,849d1ea4cb88caa68e97f589cbc9cacd
天域山庄,290b6a5d640c8861264ea7d0ce012bf7,汕头市,440500,南澳县,440523,"117.019920,23.418027",,理想臻品,杭州市,86ccdf1d5da1b3bc44acaa53c74cb8b3
金茂正荣岭南府,f904ceeccc8f86e2edab12ac7ebde894,佛山市,440600,禅城区,440604,"113.124603,23.018117",,和达城,杭州市,88bd24dcc7ba8eb460e6c96d42513136
忠州碧桂园,bfabdf52cff11cef5968bb72360d533e,重庆市,500000,永川区,500118,"105.921546,29.349875",,保利东湾,杭州市,88cca922055e1e418713dfacd3ea8147
忠县恒大悦珑湾,e129e526c76d14a40aa8ca6b881084da,重庆市,500000,忠县,500233,"108.039002,30.299560",,绿城风华苑,杭州市,88eddfef37864193a5a29dac3b5e9b8c
天域南湖,28748da6fd369e0222fdd4ecf6f0e4eb,贵阳市,520100,白云区,440111,"106.614136,26.672103",,香悦和鸣府,杭州市,8a93f788aacca89446896157f9721e57
海湾壹号,00d807f408ce6f26e7adb7542e63fad8,南通市,320600,海门区,320684,"121.445100,32.106650",,美郡园,杭州市,8d39040970f19e77c865acda81c552d2
招商海门国际,02d4c527b1c1f7dbfb7583afeb6b9a03,南通市,320600,海门区,320684,"121.123088,31.883544",,赞成檀府,杭州市,90a5ae9e0029bfcc4e169af46c7f2803
海门中南碧桂园,0524ddf40f48d42daa61619ab3a96d83,南通市,320600,海门区,320684,"121.252458,31.939709",,保利大国Z,杭州市,91e51694e14b19d9f2ad43b84d708079
华广新城西路地块,1a9d6ad2e05ed768551b917ce0c1381e,南通市,320600,海门区,320684,"121.419342,31.936679",,龙湖天宸原著,杭州市,92626f6114a04f8bfa4a941be829669d
麒麟嘉苑,25ef704e9395c0875ba4c679df90f8cb,南通市,320600,崇川区,320602,"120.882461,31.996129",,梦琴湾,杭州市,927fdd963285c429249f055f3f583149
海门江海都会,26f2d84c83f47d01dd3a95a9aed6ad9a,南通市,320600,海门区,320684,"121.181615,31.871173",,贝利栖溪公馆,杭州市,933e66c7a92ce597d1c61213969885e6
佳城御龙湾,29fa016eea9520eefc4d927607aed6e7,南通市,320600,如皋市,320682,"120.578140,32.372402",,琅琴湾,杭州市,9430e211a25113ba73d411b578723b5d
金鼎名城,2d639e2136e6d2ec91ac4c04022fba38,南通市,320600,如皋市,320682,"120.569804,32.373511",,广厦天都城蓝调公寓,杭州市,94b85efaf2f60d2b1cd2e2d57a373570
云起苑,31c33f4279ba752478a86710515a8397,南通市,320600,海门区,320684,"121.154911,31.876594",,东厦东港花苑,杭州市,94cd7d9d7a9a5c459ea9d3578e69bc77
公园里,3e6cda454f0bd0188ba874bc24779fe9,南通市,320600,崇川区,320602,"120.863883,32.055719",,侨福明园,杭州市,954f521aa3333ca4f5115586b626ba2c
北海幸福苑,408cd486f08cd12487daa6de0f04b01c,南通市,320600,海门区,320684,"121.179408,31.905972",,桂花星城,杭州市,96095b74004b8a72993900412f5412cf
湖光映月,62a50eff7cc5e0029e7364a85eda67fe,南通市,320600,海安市,320685,"120.494698,32.532260",,世茂首府,杭州市,961d95a96955b80e14351b2c847a7c21
京扬数码广场,734fed399aaca017100e786678d64fbe,南通市,320600,崇川区,320602,"120.900047,32.024439",,中建锦绣越府,杭州市,96307dea92e3af7065fe1ff62fe68f23
鸿泰乐颐小镇,7a501b1e352c86154f27cec3db4ddd5a,南通市,320600,海门区,320684,"121.426666,31.793935",,中国铁建保利像素,杭州市,96e92a55eec60a7da795157e7db1bc2f
海门麓园,7b00516aac7ccb5243ea7e2552bbf1b3,南通市,320600,海门区,320684,"121.123088,31.883544",,正泓府,杭州市,97165932b1b9407161562533cc901ae4
江海都会,8245c2d1465a1226916f1b500a5038a1,南通市,320600,通州区,110112,"121.072598,32.061027",,美达晓城天地,杭州市,9993a757f20b184ab5b918961cce471c
海门三盛-璞悦府,8e5a65f32bdb612b151106ae1b771c2a,南通市,320600,海门区,320684,"121.123088,31.883544",,上塘源著,杭州市,9a79a25944fa7316810d2f7c76bd6583
金凤花园,8f77844c6b0bffe692b716c24b7e1dc2,南通市,320600,海安市,320685,"120.480903,32.528146",,野风启城,杭州市,9b1f6e5a9b2b65080ab1c03daaa62fca
滨湖花园,9439b5c3bf5ada7899d4869bd39c63be,南通市,320600,海门区,320684,"121.377700,31.854040",,佳源驭远-玖墅,杭州市,9b5deff8bf9c11eb86162cea7f6c2bde
御景园,9a31803ef7580fcb93e75b136435b820,南通市,320600,通州区,110112,"121.127484,32.190008",,杭州湾融创文旅城-凭澜居西区,杭州市,9b637890bf9c11eb86162cea7f6c2bde
海门中南樾府,9a68540d27608c8bea6dd95e158f9913,南通市,320600,海门区,320684,"121.252458,31.939709",,绿城集团52号地块,杭州市,9f217b52793180bc16dbac3841983c23
长宏水岸名城,9d6427ccb7874de95c48b22dc0bf5056,南通市,320600,海安市,320685,"120.437429,32.541540",,广大嘉利花园,杭州市,a07300df528840337a32af016a76f7f5
海门沁园,cca8c483ef60608f37d43ec46ad080fc,南通市,320600,海安市,320685,"120.445777,32.531045",,中旅时光里,杭州市,a65ac4c774874ccc2c860b2d348fd35c
海门上悦城,cd1568809839b8e37722585716617a85,南通市,320600,海门区,320684,"121.123088,31.883544",,碧桂园越溪府,杭州市,a6c7f64a91f99a778b1755db108d18db
半岛托斯卡纳,d02cb703495e22cf95f63d25b5b11f0a,南通市,320600,海门区,320684,"121.425792,31.779457",,保利江语海,杭州市,a826fb0a5410377d75734d00517ccb40
中华园,e213ed1d3cd4531c7dd3d2da38f44c6c,南通市,320600,海门区,320684,"121.243031,31.892143",,阳光城兴耀花漾里,杭州市,a86351e135e612fc76a22e78e0c2ace6
北宸壹号馨园,e4869521fe152299be2e5aa0026c6393,南通市,320600,如皋市,320682,"120.588547,32.391513",,龙湖春江天越,杭州市,a90b92f18b88f9463dd01cd32bc16d40
苏建优景美地,ed902e1321ca8a96002a473b6f067d38,南通市,320600,海安市,320685,"120.473222,32.515131",,树兰书香名邸,杭州市,aa16cbb0e5af8510bddec68889932d47
龙熙阿卡迪亚,0605201182acfaffad63c7255bdfac36,烟台市,370600,海阳市,370687,"121.160490,36.682299",,保利玫瑰湾,杭州市,ab78c309b21ac782069a1b14aa7ae4d7
裕源锦里,0a44f7287ca0cc9ff0ac2c8585b54364,烟台市,370600,蓬莱区,370614,"120.750311,37.811006",,绿城莲园,杭州市,acdbf03226e250a638a984ee5dfe8393
长岛国际度假区别墅区,136722f490d8f91663cb7cabd67942a0,烟台市,370600,蓬莱区,370614,"120.704050,37.988375",,复地连城国际,杭州市,ad32e55d022c1fd33c573805c633d883
万兴凤凰广场,162371410be409e79fe42c2225bc2004,烟台市,370600,牟平区,370612,"121.574086,37.392961",,佳兆业君汇上品,杭州市,ad3690b0e17ca6e86498457553af0db9
蓬莱宝龙广场,1e7f5320d40c7827cbb6e475a750691e,烟台市,370600,蓬莱区,370614,"120.764472,37.817273",,秋实宸悦,杭州市,ad3823541e869dd3711f41be416b3fe9
仙岛印象,3800c472aefe52ec2fa708bc211b8cbd,烟台市,370600,蓬莱区,370614,"120.736969,37.949144",,中铁九逸,杭州市,ae1434d909b36d811833e7d6c70b539b
海景苑,48466a114da50f61c9a011b5e5f05cc0,烟台市,370600,蓬莱区,370614,"120.790301,37.813056",,越秀景瑞悦见山,杭州市,b150993008a4c4f06d32c0bf0dd04be4
长岛悦海假日,4b5f34989d7f27daf9d042a40ccb6096,烟台市,370600,蓬莱区,370614,"120.734430,37.914710",,首业御东湾,杭州市,b3490040b5cd071274a3f557285012c9
渤海湾国际公馆,4beb7bcab0c3b7d867f5e50e19982e5d,烟台市,370600,芝罘区,370602,"121.414161,37.536408",,嘉和银领时代,杭州市,b566a02c004d2af28cf430312afba327
万隆上海国际公馆,8cd5b32cccef9607dfee1a24ed576344,烟台市,370600,芝罘区,370602,"121.403479,37.540748",,德信早城,杭州市,b67247e5ceb72d28477d2012e5807e89
渤海尚都[蓬莱],8ed7780344cf72369108e6db0782bd2e,烟台市,370600,蓬莱区,370614,"120.792691,37.804313",,新城英冠-香悦和鸣,杭州市,b73757b325b7d7cb263ca11b99e52dd6
老体育场地块,8f720f6b808797540cfd222eee29e7ff,烟台市,370600,蓬莱区,370614,"120.760930,37.819771",,西房拱宸外滩,杭州市,b9ade453d9a93e7fb21372281e2f474a
恒隆-凯旋9号,913aa41c3eeb443a47b1618a0e3a9fd0,烟台市,370600,莱州市,370683,"119.953699,37.189632",,龙湖江与城,杭州市,ba57f0cc22390cc3ceada233e248e7ad
万寿儒源,94e1881cd0e554f4d2964abbae1c163e,烟台市,370600,蓬莱区,370614,"120.753831,37.806597",,野风海天城,杭州市,bb3addc1f7d1b7a7326b33edbdae4f5f
蓬莱瑞府,9c96ad6acd1889dd084653ed59bc213d,烟台市,370600,蓬莱区,370614,"120.757579,37.793492",,融创融耀之城,杭州市,bca87eda56a847e41c76eb6811f209fd
紫台花园,9ff255b515e797fca3049caf0caeddcd,烟台市,370600,蓬莱区,370614,"120.765090,37.794126",,临平芳满庭,杭州市,bece7dd2eaf68cf9b34bdc05a7d47d3a
蓬莱新港乐园,aff0a4863600f5e0d649d7e026bdfd54,烟台市,370600,蓬莱区,370614,"120.871149,37.792863",,万科四季都会,杭州市,c0438ea0882bb7bc9e41a6f3b070af58
长岛瀛洲,b5731a65a417d5364650ad21395f910f,烟台市,370600,蓬莱区,370614,"120.729472,37.943176",,绿城蓝庭花园洋房,杭州市,c0a1cbdb8673c8cb1978b308917ed35b
小城怡景,c35c25c4428acd34c9ad2dc38a16c725,烟台市,370600,海阳市,370687,"121.273450,36.706659",,首创禧瑞江南,杭州市,c1aa4f8ef82ff05c083182c9ff039347
紫金世家,c7b624ff926c15834525339dc78c3890,烟台市,370600,莱山区,370613,"121.442610,37.502945",,碧桂园万科悦望名邸,杭州市,c21adc236c9114335bbccd6e605ac9dc
碧海豪庭,cb6dddcad0f3dd9218a1e45772e3cf5a,烟台市,370600,蓬莱区,370614,"120.629663,37.762985",,滨江春盛大江名筑,杭州市,c28d56887fb8b8b11e394cf4ad769a91
海郡壹洋房,df74fdb24b636059bea5cd75f55a379e,烟台市,370600,蓬莱区,370614,"120.708294,37.811489",,新城山语院,杭州市,c354be6a5d84eb5fd23da89916814862
半岛蓝湾,e40cae6a04e710c15dbb6ebb8c5b0929,烟台市,370600,蓬莱区,370614,"120.845237,37.801889",,莱茵旺角七号,杭州市,c3f4d846d097f4402ff425b4f1f38772
亚泰兰海公馆,f901e1d3de167fc39d132108b7bb8cb7,烟台市,370600,蓬莱区,370614,"120.837812,37.805713",,华鼎君临阁,杭州市,c40ddfdbf535905666f0bd0a0a6773f8
蓬莱碧桂园,fc0e490425eece655ad9f679a159e561,烟台市,370600,蓬莱区,370614,"120.806185,37.811913",,金地宋都都会钱塘,杭州市,c47b9db5e6a9a3bdab863ce0638e59e8
来源-丽景花园,00e784b05d492206d55fc21e067fb574,南宁市,450100,横县,450127,"108.888338,22.871274",,华鼎君临天下城,杭州市,c49095d86fe37dc70946a0d9846b7d9c
横县碧桂园,0faf6a32dc602dda7c9165d809773e79,南宁市,450100,横县,450127,"109.250478,22.692749",,中梁百悦城,杭州市,c529d95f05e35a870f1b80e9264a7663
骋望天玺,523bf84df84ae33f1ec0237e5a9c5321,南宁市,450100,西乡塘区,450107,"108.227785,22.829089",,理想康城一品,杭州市,c7d4b09b5898752861dc4d34263c8434
世纪滨江,773b41d70ff638867c2500ab64a39ffe,南宁市,450100,横县,450127,"109.269736,22.679948",,朗诗未来街区东园,杭州市,c9f3200498d8805838007656f577d493
福景新城,d4a1fcfdbc6b5cfda54d9e7aedaafcee,南宁市,450100,横县,450127,"108.898263,22.869613",,安佳北郡,杭州市,cbd943e6953fad33c9f6cf085e5883ca
茉莉春天,da3b97da16ba3e8410696d80836c0d1f,南宁市,450100,横县,450127,"109.276340,22.698486",,万科桂语东方,杭州市,cc59faca664bd4beeeb869e3c9b0388e
汉军龙江帝景,e6600dc739d50c945bad9d48da33ff8b,南宁市,450100,兴宁区,450102,"108.489248,22.951687",,通和十二橡树颂居,杭州市,cc7257de1672037e499be112012dd782
御江华庭,ff56f8a8637ece838dff044db7c60a79,南宁市,450100,横县,450127,"109.255037,22.675240",,保利唐宁十号府,杭州市,cdbe5b843602025b7fd7bc1d3ac26f86
汇泽-蓝海湾,011cfd4b6908cef28385c3d3092e2088,三亚市,460200,天涯区,460204,"109.393033,18.296268",,帝凯帝景园,杭州市,cf61bbc7e4c60b872ee2871bd566a8da
阳光椰风苑,020399d9e2d50b499c79f7fa4462b32d,三亚市,460200,天涯区,460204,"109.498439,18.254658",,龙湖滟澜山,杭州市,cf65dcc2000cd1529ad00caddd489701
中华坊,0acf9ccaa5722b2e0cdd1a66bdd6e89e,三亚市,460200,吉阳区,460203,"109.520570,18.282790",,都会钱塘东区,杭州市,d02ea8de3cbc243c9f856a978369191c
正大-开元盛景,11b88b6bebaa34d02377082fb537e6c1,三亚市,460200,崖州区,460205,"109.168267,18.368444",,经建绅世郡,杭州市,d0f8f1c49735731bd2da6e4f1c46c5fe
山海湾-三区,11ce2d509f7cb4bf8c54f15ecd5e5f96,三亚市,460200,吉阳区,460203,"109.527629,18.300414",,通和十二橡树,杭州市,d1266d79088a1cb1c8792d55d4b5a15c
云鼎-凤凰城,145c89b3c17ff0447af0abff274014cd,三亚市,460200,吉阳区,460203,"109.511242,18.278208",,宝龙城市广场,杭州市,d266138899b586599f0e132b9d866c2e
鲁能山海天淇水湾-熙墅,19fbfc7366ec77d5757b761c56dae160,三亚市,460200,吉阳区,460203,"109.512109,18.216980",,宋都橄榄墅,杭州市,d30a6bd6f99a57b4a0861513a56dd119
清澜半岛,1a23ac1ac1773d16bc30acb4ed05f0fa,三亚市,460200,吉阳区,460203,"109.492632,18.208815",,星桥桂花城,杭州市,d3725ff373bc5cf16c6a26cc7e1c989c
五指山云麓,267a5d07344ecdb09e473c66634453c7,三亚市,460200,吉阳区,460203,"109.585426,18.318110",,华鸿东潮云庭,杭州市,d4f20b772c5ecf9eb8015010cd6016fa
雅居乐星光城,2ff447485500fc5f7abb75b695cec34e,三亚市,460200,天涯区,460204,"109.514904,18.224694",,美好桂花金座,杭州市,d54a34973d43b5f358802e13d2af5968
海伦世家,3038cbf8a2052fa5a784a3135c90c6cd,三亚市,460200,天涯区,460204,"109.501343,18.253183",,碧桂园良樾,杭州市,d54b2d529cf841b0447264dff882784e
金澜湾,3631d0de0193a3b2c83d9ed014c8f6d0,三亚市,460200,天涯区,460204,"109.490530,18.269980",,云潮府,杭州市,d592465db6b864d358e62c667560f033
五指山澜湖岸边,3ad3b14267ea46c35ce956f9a8632142,三亚市,460200,吉阳区,460203,"109.585426,18.318110",,潮闻天下,杭州市,d7ca26781da24a687b7b38089308e472
五指山绿洲岛,3bc51debcb28402fd9b6ffac128857da,三亚市,460200,吉阳区,460203,"109.585426,18.318110",,旭辉宝龙东湖城,杭州市,d858d0101d77ba1446a5fb12c83094b0
龙池湾花园,43db4ff457ab671024a407505b0e49a0,三亚市,460200,吉阳区,460203,"109.516430,18.245239",,东裕华庭,杭州市,d8900478acc29ecd0848bd83636c1eb5
天源海景,46b31beaa9ea3250536fdb2d45a68abc,三亚市,460200,天涯区,460204,"109.498490,18.263775",,九城渔人码头,杭州市,d926f8675f46e59b63fefafa28fa3e4a
东方壹号公馆,496174cd5e6843a9e3db011d8edeb9ff,三亚市,460200,天涯区,460204,"109.505733,18.243124",,都市港湾,杭州市,d95018319cef00e2178cbdb768a7acd5
东方碧海云天,4ac5353b20f3eaad8e1614f0efef2ff1,三亚市,460200,天涯区,460204,"109.501140,18.259330",,湖印宸山庄,杭州市,da1e2db12e420602506f11cbc26c49cf
定安碧桂园十里繁花,4df357d49197ad7b8d58002b5bd09fb2,三亚市,460200,天涯区,460204,"109.495445,18.258568",,朗诗未来街区,杭州市,daa039d6367e627e710151d6a0227e18
半山和园,59c9d0e5f6e49321aaa67e94e4355372,三亚市,460200,天涯区,460204,"109.498520,18.254466",,福雷德广场,杭州市,dd63a2ff42f11641a1c2068005112c86
碧桂园澜江华府,613c63d21dc3530b19cfec1d759ba99f,三亚市,460200,天涯区,460204,"109.490341,18.269184",,碧桂园天麓府,杭州市,ddf3ad32447714087f2e614629efd81c
东方汇园,6145cd21257308601ac3e7a69235103f,三亚市,460200,天涯区,460204,"109.496151,18.257650",,保利42号地块,杭州市,de066d1e65c5fa354251434714b618d7
雅居乐山钦湾,6858b964bf75af252b6edd6f59aff043,三亚市,460200,天涯区,460204,"109.495987,18.257920",,华源天盛中心,杭州市,de0f9b14b216c86f218611da5f9fa22d
万祥温泉家园,703ce0db56de49f10a46f3600c52bc05,三亚市,460200,天涯区,460204,"109.457742,18.297746",,星运丽园兰逸,杭州市,ded55832a12d1bc6c3a05717d4838a03
东方海岸,70b1a17db93b8d049b90e08128907bae,三亚市,460200,天涯区,460204,"109.495703,18.258215",,宋都晨光国际,杭州市,e2c723be33609b5c4745bee5eeab7062
金港海岸,71dcb2c763edb807197467b9e48ee65c,三亚市,460200,天涯区,460204,"109.501560,18.244613",,荷园,杭州市,e40ad94cf15a6c4d6f41860612e0c4e5
景业清水湾3号,75cd3ca4d3359366781a0cd2e7851acc,三亚市,460200,天涯区,460204,"109.497050,18.256836",,金辉蓝光星奕云著,杭州市,e559b3cd8a7bbcb61a59bea6b4232101
国茂清水湾国际旅游养生度假区,7741d60f438a901e6063c73c8bcc9263,三亚市,460200,天涯区,460204,"109.497050,18.256836",,绿地合景招商天樾四季,杭州市,e5d6f901bf0761707fb8d527a50e226f
绿海花园,79f6f18c7de09c24cd43a950155d42fb,三亚市,460200,吉阳区,460203,"109.509460,18.276476",,绿城玉园,杭州市,e64e5fe873198ca8075239c688e900f2
东方壹号华府,7a6d22265afce0ea9922e7bdc322ff2b,三亚市,460200,吉阳区,460203,"109.613181,18.233944",,和达御观邸,杭州市,e806bfa1ead75e8b52ba711850548456
汇艺蓝海湾,80137a9fae233ce01194cfbb2d7fe94e,三亚市,460200,天涯区,460204,"109.393033,18.296268",,滨江华成大江之星,杭州市,e885558c312f03a2dc3aeea80a9d6222
宇全-清水湾,829d1e15780f0bd6fd9c0227dea1864e,三亚市,460200,天涯区,460204,"109.497050,18.256836",,和昌云璞,杭州市,e9185da08ed7e0da5dcdf5b58e74bf4f
碧桂园海逸半岛,8301f608e246755e1f70b736519c884c,三亚市,460200,天涯区,460204,"109.490341,18.269184",,多蓝水岸,杭州市,ede851045cb7affdec133a4530325c38
阳光雨林,83ef4a3d0fdd7af62c41790896df1a5c,三亚市,460200,天涯区,460204,"109.501688,18.245969",,华艺星座,杭州市,eeee43f3c75f970a93827eaf4b6ce9f5
椰林阳光,85f53c75b1fce6b226691a85e9e91cee,三亚市,460200,天涯区,460204,"109.501622,18.245613",,滨江新希望新城海名雅园,杭州市,eef1df05c6b17249fefd3aaca80ac87e
海城时代广场,869922ce7f6cc607c752c5c6b8302400,三亚市,460200,吉阳区,460203,"109.511556,18.231734",,奥园华景川上锦宸府,杭州市,eefb4f4df9397b21345592cc254e7b4e
东方海岸假日,890ce76edb22fbde582e2459d43fa32c,三亚市,460200,天涯区,460204,"109.495703,18.258215",,鑫福万泰华庭,杭州市,ef2d5ce0784571e5ce6c416cc1752504
鲁能山海天泰山7号,899070e434b099acce8e4d058955abe1,三亚市,460200,吉阳区,460203,"109.512109,18.216980",,复地又一城,杭州市,ef48d7bb1b7ce9cad6b9777b2543fb8d
和威月光海岸,8bcf94330da3a8bda6d2f0bbc3ec33b3,三亚市,460200,吉阳区,460203,"109.654459,18.236510",,华景川万科潮启公寓,杭州市,efd1e9939bc6a6b3a2f5a0af29a19f40
五指山-山水名城,8fe7071a701fdd55d6bc0e3f21f380fe,三亚市,460200,吉阳区,460203,"109.585426,18.318110",,杭州碧桂园,杭州市,f037882ebbab599239185b63372ecec9
清泉上城,929e2477c8a56053831f67a8095b7f2d,三亚市,460200,天涯区,460204,"109.454506,18.298281",,宇诚桂语洋房,杭州市,f070f627f33e6f11429ca1a8fc006790
荣昱-月亮湾,9653857f4c1e80b129e193ae83b0f963,三亚市,460200,天涯区,460204,"109.496722,18.256884",,精欧荣寓,杭州市,f071113f597d052e99012aa6b464ebd6
东方海郡,983c22fc57c08bae2d0beab126f93180,三亚市,460200,天涯区,460204,"109.498734,18.262983",,京杭府,杭州市,f6eb9cf857c6014a1c0b32fb1a1ff999
冠永凤凰城,9a03843f94cc0de7fd0df0ef89000b1d,三亚市,460200,吉阳区,460203,"109.511242,18.278208",,杭房江东华府,杭州市,f9497acd5978d4c8ea86e9694c044a4a
海湾雨林,9b1f0ccda402691e06ed239b2d0d4e59,三亚市,460200,崖州区,460205,"109.151529,18.331631",,中骏悦景府,杭州市,fa0d1b3059d8587ca9b0a658dfb77afa
桃源居-御品,a402d47f8b3e7d6540c7942469a98357,三亚市,460200,天涯区,460204,"109.495406,18.261921",,华元欢乐城小宝,杭州市,fa2d21521daee4ed1c79fbe10bf47295
滨湖尚城,a5b6e147207dc0028ebd01d4c88734dc,三亚市,460200,天涯区,460204,"109.499404,18.257002",,广厦天都城温莎花园,杭州市,fc94958ef947362dcb2788600a109d1c
福源-林溪谷,a6e3310337649f89811de4bb014e10cd,三亚市,460200,崖州区,460205,"109.174867,18.350350",,金隅观澜时代,杭州市,fe9da230a6088b3840d325f5bf165ac5
龙沐湾1号海景公馆,adbbf196bfeb8eb40dd09cafc54851f6,三亚市,460200,天涯区,460204,"109.438248,18.287954",,宋都丽郡国际,杭州市,fecf0c39e840c21d76ce36b2cda4af86
融创日月湾,b216eacaa957a825ff688246bc45e99a,三亚市,460200,天涯区,460204,"109.490279,18.269199",,铂悦天玺,合肥市,d963421ea7f91aadd935c872efce930c
山海湾温泉家园二区,bb0a52c0fe793b860473e5db86355eab,三亚市,460200,天涯区,460204,"109.501272,18.249137",,龙熙阿卡迪亚,烟台市,0605201182acfaffad63c7255bdfac36
五指山双大和园,c0558a00cf9ff77b5730cd3e6da27c25,三亚市,460200,吉阳区,460203,"109.585426,18.318110",,裕源锦里,烟台市,0a44f7287ca0cc9ff0ac2c8585b54364
那香山,cab1a93fb838d3e2ca35c5f0162c1ef7,三亚市,460200,吉阳区,460203,"109.516276,18.251804",,静海明珠,烟台市,0f5be05e094d201536bd4b1853be95a4
那香山-雨林别墅度假区,d139dbdf1c8d7ffef83a6e0222a78432,三亚市,460200,吉阳区,460203,"109.516276,18.251804",,长岛国际度假区别墅区,烟台市,136722f490d8f91663cb7cabd67942a0
文昌天成文锦里,d3e82281038d28212c0b8ea55f508102,三亚市,460200,天涯区,460204,"109.284536,18.309732",,华旗金科城,烟台市,1590de569dc2df19ec2c451084e65a35
富力湾别墅,e5b3b0d127946c68e5f630f33620b6f6,三亚市,460200,天涯区,460204,"109.489291,18.270499",,万兴凤凰广场,烟台市,162371410be409e79fe42c2225bc2004
椰林嘉园,f04a4e73921a2755f0c30ebb9d0dbc04,三亚市,460200,天涯区,460204,"109.501622,18.245613",,蓬莱宝龙广场,烟台市,1e7f5320d40c7827cbb6e475a750691e
国安海岸,f0da1b6c533eb0349b603952db6b9a38,三亚市,460200,天涯区,460204,"109.501560,18.244613",,岛演1882海景度假公寓,烟台市,2e778a0e1c890267a687527220588896
清水湾智汇城,f1d377c9be02e6aad806a5474ca0b331,三亚市,460200,天涯区,460204,"109.497050,18.256836",,恒信天悦,烟台市,37ef0cea41f64642e36f4c10a9e25047
福隆丽水湾,f392589a1422add3bfa14ab49ef1c542,三亚市,460200,天涯区,460204,"109.389158,18.296672",,仙岛印象,烟台市,3800c472aefe52ec2fa708bc211b8cbd
恒泰-琉金岁月,f6f67f4b2da824e42dce92175a7d5044,三亚市,460200,吉阳区,460203,"109.514765,18.256592",,海天-上园,烟台市,404f2025706f1368438f5e839279e857
西城国际,ad150205f268ed633a688f94e4fba1fc,宝鸡市,610300,凤翔县,610322,"107.386922,34.521301",,海景苑,烟台市,48466a114da50f61c9a011b5e5f05cc0
,,,,,,,,长岛悦海假日,烟台市,4b5f34989d7f27daf9d042a40ccb6096
,,,,,,,,渤海湾国际公馆,烟台市,4beb7bcab0c3b7d867f5e50e19982e5d
,,,,,,,,昌升荣华苑,烟台市,65a02d78c76b2272dce65d21e6e82d82
,,,,,,,,万隆上海国际公馆,烟台市,8cd5b32cccef9607dfee1a24ed576344
,,,,,,,,渤海尚都[蓬莱],烟台市,8ed7780344cf72369108e6db0782bd2e
,,,,,,,,老体育场地块,烟台市,8f720f6b808797540cfd222eee29e7ff
,,,,,,,,恒隆-凯旋9号,烟台市,913aa41c3eeb443a47b1618a0e3a9fd0
,,,,,,,,万寿儒源,烟台市,94e1881cd0e554f4d2964abbae1c163e
,,,,,,,,长寿城,烟台市,957f6bc4c9b06d7a43e44f6b2ec58dbe
,,,,,,,,蓬莱瑞府,烟台市,9c96ad6acd1889dd084653ed59bc213d
,,,,,,,,紫台花园,烟台市,9ff255b515e797fca3049caf0caeddcd
,,,,,,,,蓬莱新港乐园,烟台市,aff0a4863600f5e0d649d7e026bdfd54
,,,,,,,,龙湖-滟澜山,烟台市,b50e27d40364da35f672e175044424c3
,,,,,,,,长岛瀛洲,烟台市,b5731a65a417d5364650ad21395f910f
,,,,,,,,小城怡景,烟台市,c35c25c4428acd34c9ad2dc38a16c725
,,,,,,,,紫金世家,烟台市,c7b624ff926c15834525339dc78c3890
,,,,,,,,碧海豪庭,烟台市,cb6dddcad0f3dd9218a1e45772e3cf5a
,,,,,,,,佛光八号院,烟台市,d051b750d38eb8b1370e9a22cd1b29ff
,,,,,,,,海郡壹洋房,烟台市,df74fdb24b636059bea5cd75f55a379e
,,,,,,,,半岛蓝湾,烟台市,e40cae6a04e710c15dbb6ebb8c5b0929
,,,,,,,,亚泰兰海公馆,烟台市,f901e1d3de167fc39d132108b7bb8cb7
,,,,,,,,蓬莱碧桂园,烟台市,fc0e490425eece655ad9f679a159e561
,,,,,,,,佰昌御墅,武汉市,58b825e0efc231edef308e425cc80f95
,,,,,,,,天域山庄,汕头市,290b6a5d640c8861264ea7d0ce012bf7
,,,,,,,,平日上茂洲岩A15、B04地块,汕头市,e4ff7c4104b27fcb939fa381f4646b38
,,,,,,,,光秦楼,肇庆市,cfc34224a7781df34426a06631c943f5
,,,,,,,,来源-丽景花园,南宁市,00e784b05d492206d55fc21e067fb574
,,,,,,,,横县碧桂园,南宁市,0faf6a32dc602dda7c9165d809773e79
,,,,,,,,金地学府,南宁市,2b5fefacc479d1088ff475ca66c5ee01
,,,,,,,,骋望天玺,南宁市,523bf84df84ae33f1ec0237e5a9c5321
,,,,,,,,世纪滨江,南宁市,773b41d70ff638867c2500ab64a39ffe
,,,,,,,,福景新城,南宁市,d4a1fcfdbc6b5cfda54d9e7aedaafcee
,,,,,,,,茉莉春天,南宁市,da3b97da16ba3e8410696d80836c0d1f
,,,,,,,,汉军龙江帝景,南宁市,e6600dc739d50c945bad9d48da33ff8b
,,,,,,,,御江华庭,南宁市,ff56f8a8637ece838dff044db7c60a79
,,,,,,,,江岸小镇,三亚市,00a6c1f2be85bafa98c2217c1080af40
,,,,,,,,隆鑫诺亚方舟-天澜别院,三亚市,00fe73961de860e70c63c2b910ec33bb
,,,,,,,,汇泽-蓝海湾,三亚市,011cfd4b6908cef28385c3d3092e2088
,,,,,,,,阳光椰风苑,三亚市,020399d9e2d50b499c79f7fa4462b32d
,,,,,,,,海南恒大悦珑湾,三亚市,07b074d4e20320605a689a0c4b4607ae
,,,,,,,,香格里温泉小镇,三亚市,0866b056ca5d2403644fa02e5749f7f6
,,,,,,,,希望棋子湾,三亚市,08fb30b1887b0a83a70b31eb1391e709
,,,,,,,,汇丰桃园,三亚市,0ac8f07a42e62a0762e2aa80dc08a9cc
,,,,,,,,中华坊,三亚市,0acf9ccaa5722b2e0cdd1a66bdd6e89e
,,,,,,,,润城岭秀金江,三亚市,0c20f0b2b17ad19ac95d1064a0e88746
,,,,,,,,永桥-尚城,三亚市,0e2edac2230132e59a99ad91fae5db89
,,,,,,,,毗海澜湾,三亚市,110275ae9f81da5253a7b7d2a6dcadfc
,,,,,,,,雨沐香庭,三亚市,114afa104a4ce64c4f165c87b0f17503
,,,,,,,,万宁国瑞城,三亚市,117868d73154e8edbed3b29ad773ba9a
,,,,,,,,正大-开元盛景,三亚市,11b88b6bebaa34d02377082fb537e6c1
,,,,,,,,山海湾-三区,三亚市,11ce2d509f7cb4bf8c54f15ecd5e5f96
,,,,,,,,义方家园,三亚市,11f65c232256f2d1dc3ed7e490317d07
,,,,,,,,交投山海颂,三亚市,120510e9ba9a388ecbb1bc080f24b8f1
,,,,,,,,南丽湖上的时光,三亚市,12e7ca806686a85ee409fb487d869005
,,,,,,,,Aloha阿罗哈别墅,三亚市,134a4280c15913017c2223152b3b1b56
,,,,,,,,雨林9号,三亚市,134f862b12a9a2898af13c294fa13da5
,,,,,,,,昌江华田-梅岭,三亚市,13620bfe063b894ceff8b06a70e89458
,,,,,,,,和贵花园,三亚市,1390efcb4aca44cd4dd5ee03b811c1fe
,,,,,,,,云鼎-凤凰城,三亚市,145c89b3c17ff0447af0abff274014cd
,,,,,,,,恒大御海天下,三亚市,18d655fa470f4d85bd9073fd258e745c
,,,,,,,,鲁能山海天淇水湾-熙墅,三亚市,19fbfc7366ec77d5757b761c56dae160
,,,,,,,,名门海宝湾,三亚市,1a0134007bff8219c016cc88a2624268
,,,,,,,,清澜半岛,三亚市,1a23ac1ac1773d16bc30acb4ed05f0fa
,,,,,,,,海云轩,三亚市,1b2545c231cfc4ec9b70f7fa5999a430
,,,,,,,,中海神州半岛,三亚市,1c8f47fb53b792645997474a858e0a34
,,,,,,,,东方美庐,三亚市,1d1eaa25b1700391d2a362969a04dfa7
,,,,,,,,中国铁建-龙沐湾一号,三亚市,1d532de9eada00bf033997f039bd7566
,,,,,,,,海南-福里,三亚市,1f05279db7a815319e815af863182e0e
,,,,,,,,卓越-盈滨悦府,三亚市,20f2071207ab7c4b51390965d3144abb
,,,,,,,,壹山郡,三亚市,211db14ba9b87768646a92b7a4973fb4
,,,,,,,,福山咖啡联邦小镇,三亚市,2484c71211c33a7e6eb49fca7d777634
,,,,,,,,海南东方汇园,三亚市,2572775ad3ab7eb9de80375d2ed433f7
,,,,,,,,华亚欢乐城,三亚市,25ef3cf9779e8703e9e5b414a3a40d05
,,,,,,,,绿叶经典,三亚市,26757a67373d00eb8ff1e3ca47f6cc52
,,,,,,,,五指山云麓,三亚市,267a5d07344ecdb09e473c66634453c7
,,,,,,,,四季康城,三亚市,281e12caee649ba344bed06d9dfb1950
,,,,,,,,天璞公馆,三亚市,2952e1e2b45d16e7bf6c5cfda3e66f18
,,,,,,,,盛润南燕湾,三亚市,2ac6caf538512fa0a01288e907ba39b2
,,,,,,,,昌茂中润温泉水城,三亚市,2ba509b5f6f662e4fb85f0d29de611e1
,,,,,,,,宇润绿都,三亚市,2d923d13a4565df8321a1883d5a59309
,,,,,,,,意大利风情小镇,三亚市,2e1bb56a8904d1d27371517e163b061c
,,,,,,,,天赐上湾,三亚市,2ea1d40266c99e3a6c2766d3ec25dfb0
,,,,,,,,四季康城敦和世家,三亚市,2f66e9281f88a976f89c9c9e8044d85f
,,,,,,,,雅居乐星光城,三亚市,2ff447485500fc5f7abb75b695cec34e
,,,,,,,,海伦世家,三亚市,3038cbf8a2052fa5a784a3135c90c6cd
,,,,,,,,芭提雅火山岩温泉小镇,三亚市,340ce6d8c57104c273ca51dd32daa89b
,,,,,,,,金月湾椰海小镇,三亚市,35eaf25f0bdf883e6ae03fcdbd57eba2
,,,,,,,,金澜湾,三亚市,3631d0de0193a3b2c83d9ed014c8f6d0
,,,,,,,,荣德庄园,三亚市,36a209c46810b0624f2a02c8bbea2086
,,,,,,,,椰海温泉嘉苑,三亚市,37cbb74c800e464794baefa02d75021b
,,,,,,,,海南龙沐湾碧海银滩,三亚市,382f92e1cf72a8b459ea7c44b51a41f0
,,,,,,,,融创美伦熙语,三亚市,399ca2e36817b2caa3a8c1c5a9a53375
,,,,,,,,瑞海水城,三亚市,39b6037c5b513a2dfdb6dd77fc3487ed
,,,,,,,,东方吉祥康郡,三亚市,3aa4f77d4c1b019583cae663da1b95bf
,,,,,,,,五指山澜湖岸边,三亚市,3ad3b14267ea46c35ce956f9a8632142
,,,,,,,,五指山绿洲岛,三亚市,3bc51debcb28402fd9b6ffac128857da
,,,,,,,,德元水岸澜庭,三亚市,3deb2cfa3a6a5e38ef3abc77fc99bfc8
,,,,,,,,名仕湾,三亚市,3f5c39c76e50ea9007fcabe6fc107ecf
,,,,,,,,博鳌珊瑚湾,三亚市,416ad52e11a0b2c030e5e7ed9d52fbad
,,,,,,,,龙池湾花园,三亚市,43db4ff457ab671024a407505b0e49a0
,,,,,,,,天源海景,三亚市,46b31beaa9ea3250536fdb2d45a68abc
,,,,,,,,万旭商业广场,三亚市,46be35cdf94bad2ef4e31b14165f0f16
,,,,,,,,佳龙美墅湖,三亚市,489f64beb02546c1e0d19517d04c8088
,,,,,,,,东方西海岸,三亚市,48a453bc941557c3788b49b920fe370a
,,,,,,,,众逸华朝,三亚市,490a2f898329f0b353c2699bf1fd82f1
,,,,,,,,东方壹号公馆,三亚市,496174cd5e6843a9e3db011d8edeb9ff
,,,,,,,,东方碧海云天,三亚市,4ac5353b20f3eaad8e1614f0efef2ff1
,,,,,,,,桐林村,三亚市,4aca9b496bd10b83d9f3ea9bae2a581e
,,,,,,,,滨江广场,三亚市,4b00003e3db6f726b2421cc8b38749ff
,,,,,,,,中国中铁-诺德丽湖半岛,三亚市,4b088afcdaf5f78e2c41fa5796aa11dd
,,,,,,,,溪林雅居,三亚市,4c53dac5dd179cf60ef5a91d5a958687
,,,,,,,,定安碧桂园十里繁花,三亚市,4df357d49197ad7b8d58002b5bd09fb2
,,,,,,,,椰岛小城,三亚市,53cc942d034f8d475ed0a2ae15cdbf15
,,,,,,,,东方万悦城,三亚市,54423a19be60e9731c43e492eebb2a78
,,,,,,,,福临广场,三亚市,547a406ad864610e991b9d3ab04656e2
,,,,,,,,保亭庄园丽都,三亚市,566684d46e97593f8fefa057bd12002a
,,,,,,,,融创玖园,三亚市,5667be3b8500527ebed3efe0335b9331
,,,,,,,,万合-祥龙湖公馆,三亚市,569868f9d9f5f281ebf66ba8d874ebe2
,,,,,,,,日广凤羽林温泉,三亚市,56a249904afb81401be8b2cc14f04c46
,,,,,,,,金典心城,三亚市,582b0ec6d7a10e6f882fa13e69a20809
,,,,,,,,华润石梅湾九里,三亚市,58d2512e2d3120266bffb467d34919b8
,,,,,,,,方圆-雅颂府,三亚市,58ea684c5d23f6e16f9ca9b3755d15d8
,,,,,,,,半山和园,三亚市,59c9d0e5f6e49321aaa67e94e4355372
,,,,,,,,龙泽庄园,三亚市,5adca92240304a1e6dcbb995686352f2
,,,,,,,,白鹭公元,三亚市,5c7998efef7f7b599be4ca8607d5466b
,,,,,,,,半岛阳光,三亚市,5e22c2afce2aa85d23fe257965760243
,,,,,,,,山屿海,三亚市,5eec6b05c4f6bb6015c969f52a019f90
,,,,,,,,卓达-山水青城,三亚市,5ff3ea9ad21b8bb4b8ed29fd11760101
,,,,,,,,中信香水湾别墅,三亚市,60e7e51bc6c2718c61200a061631402f
,,,,,,,,碧桂园澜江华府,三亚市,613c63d21dc3530b19cfec1d759ba99f
,,,,,,,,海南富力湾,三亚市,613f906c3e32c0859e1b2350168c81ef
,,,,,,,,东方汇园,三亚市,6145cd21257308601ac3e7a69235103f
,,,,,,,,国信龙沐湾,三亚市,67114d410716a3639d07e119c9075386
,,,,,,,,银海天诚,三亚市,673209f69cccf29456033823443cd5f5
,,,,,,,,龙栖湾温泉1号,三亚市,6807f3cdc020f7ddf783a0753fbe4ae6
,,,,,,,,雅居乐山钦湾,三亚市,6858b964bf75af252b6edd6f59aff043
,,,,,,,,半岛观海苑,三亚市,686cdfb26375378b6071cb2ccf3b7d90
,,,,,,,,东郊椰林壹号,三亚市,689f76a106f9e0c46a7b72e2bb1234d4
,,,,,,,,景园悦海湾,三亚市,693010bf68e6ede466d0a8fd78241d00
,,,,,,,,爱馨佳园,三亚市,6e78fae26e4c87fcd881fb2ec36ff434
,,,,,,,,万祥温泉家园,三亚市,703ce0db56de49f10a46f3600c52bc05
,,,,,,,,东方海岸,三亚市,70b1a17db93b8d049b90e08128907bae
,,,,,,,,金港海岸,三亚市,71dcb2c763edb807197467b9e48ee65c
,,,,,,,,江畔锦城,三亚市,7200bceab9329b802527896aa0e3838e
,,,,,,,,凭海临江双水湾,三亚市,72f581ff8bfc3154c8e46052ef880775
,,,,,,,,诚通一城锦绣,三亚市,74e4320a042cf4b62a6b53c0186e715a
,,,,,,,,景业清水湾3号,三亚市,75cd3ca4d3359366781a0cd2e7851acc
,,,,,,,,怡海湾,三亚市,76c336aefde19a850437d40ee6e593d5
,,,,,,,,国茂清水湾国际旅游养生度假区,三亚市,7741d60f438a901e6063c73c8bcc9263
,,,,,,,,双杰蓝海国际,三亚市,79c71b790fc71d6bed9f21eef09882fd
,,,,,,,,绿海花园,三亚市,79f6f18c7de09c24cd43a950155d42fb
,,,,,,,,荣盛香水湾,三亚市,7a55bf9e8605ec1760940ca11a4549ab
,,,,,,,,东方壹号华府,三亚市,7a6d22265afce0ea9922e7bdc322ff2b
,,,,,,,,佳源金月湾,三亚市,7b4cd4e549bb2413ac2c769cc5b5ddef
,,,,,,,,富力悦海湾,三亚市,7c04ab563c85d4a068cf6a6c8d67ea74
,,,,,,,,阳光城,三亚市,7c1a87e30c73437f6273772c886a29f7
,,,,,,,,盈滨海岸,三亚市,7d6afec500ae33dc305b1e396feb4527
,,,,,,,,宏润香水湾,三亚市,7dd3c9f25ab886d4478fb5a56d1e955a
,,,,,,,,山海和湾,三亚市,7e08e66ad28e809ab88e2efc4a57d880
,,,,,,,,汇艺蓝海湾,三亚市,80137a9fae233ce01194cfbb2d7fe94e
,,,,,,,,合景-汀澜海岸,三亚市,80c7300b463880b4a7de326d0bb01367
,,,,,,,,天骄石梅壹号,三亚市,81737a63328efed3358de79d4192562c
,,,,,,,,重汽蝶泉湾,三亚市,81bee911e07ae19c457b61bb1b0dacd9
,,,,,,,,阳光水岸,三亚市,820da043350107ccb5e2ef0218122bdd
,,,,,,,,宇全-清水湾,三亚市,829d1e15780f0bd6fd9c0227dea1864e
,,,,,,,,碧桂园海逸半岛,三亚市,8301f608e246755e1f70b736519c884c
,,,,,,,,万宁兴隆莱茵半岛,三亚市,83d4f3584fa62df5d18f4fc46b406ac3
,,,,,,,,阳光雨林,三亚市,83ef4a3d0fdd7af62c41790896df1a5c
,,,,,,,,东澳溪地,三亚市,840072253df65cf6c6b2b5b8a052df98
,,,,,,,,海棠铂樾,三亚市,84edabc218bc52c782738e89f10166d1
,,,,,,,,椰林阳光,三亚市,85f53c75b1fce6b226691a85e9e91cee
,,,,,,,,东方海逸半岛,三亚市,866d493ee6efcd4457a57623299f62df
,,,,,,,,海城时代广场,三亚市,869922ce7f6cc607c752c5c6b8302400
,,,,,,,,恒大棋子湾,三亚市,8717788ad5c8cc6f7a0fb76dcbf5b32c
,,,,,,,,东方海岸假日,三亚市,890ce76edb22fbde582e2459d43fa32c
,,,,,,,,鲁能山海天泰山7号,三亚市,899070e434b099acce8e4d058955abe1
,,,,,,,,天合养生公馆,三亚市,8b1f29391e1b9cd4201cf5e5c86170b4
,,,,,,,,和威月光海岸,三亚市,8bcf94330da3a8bda6d2f0bbc3ec33b3
,,,,,,,,知言山湖著,三亚市,8c1f1505f90cbd2be5d0e1d12ca1a852
,,,,,,,,中央绿园,三亚市,8c9cf30229d3e8052d1148e04f074287
,,,,,,,,人文珍珠名邸-众创空间,三亚市,8ce3d384a7ec53b10df95703417ffc7d
,,,,,,,,五指山-山水名城,三亚市,8fe7071a701fdd55d6bc0e3f21f380fe
,,,,,,,,景园美麓城,三亚市,8febe78facef5e5a04efbed2a9924e2d
,,,,,,,,官塘世家2号院,三亚市,91475a9b38202af3f6a0054fe6713638
,,,,,,,,鼎胜月亮湾,三亚市,91e0f511d1931b0f946addc4db5ccb5f
,,,,,,,,清泉上城,三亚市,929e2477c8a56053831f67a8095b7f2d
,,,,,,,,屯昌天成文锦里,三亚市,95d15acc9375133d72222f90d3d01aa4
,,,,,,,,荣昱-月亮湾,三亚市,9653857f4c1e80b129e193ae83b0f963
,,,,,,,,左岸时光,三亚市,96c0de322bdbe014e161305cfb4477a2
,,,,,,,,隆源神州半岛,三亚市,9721ee94997488968a271d3085d54198
,,,,,,,,海南藏龙福地,三亚市,97a2ca58e61a4c4206213cfc1b607021
,,,,,,,,东方海郡,三亚市,983c22fc57c08bae2d0beab126f93180
,,,,,,,,青龙-碧海金珠,三亚市,998b8204cadc8bb3000a66c1630f40f9
,,,,,,,,冠永凤凰城,三亚市,9a03843f94cc0de7fd0df0ef89000b1d
,,,,,,,,海湾雨林,三亚市,9b1f0ccda402691e06ed239b2d0d4e59
,,,,,,,,丽海阳光,三亚市,9b317207b7475748c00cfc0b70946595
,,,,,,,,万泉山水绿都,三亚市,9cd12ec4fb39065ed823a60a0c786408
,,,,,,,,天山丽田,三亚市,9e03cdad63db532cd77784bf83246c30
,,,,,,,,兴隆太阳谷温泉城,三亚市,9f2eb95cd577baf73cc742b779be92ad
,,,,,,,,清能丽景湾,三亚市,a1ffac492b2fd364e094fbe22d05d099
,,,,,,,,后海温泉小镇,三亚市,a22eee2f368321251b47b66c47b59666
,,,,,,,,国安七星海岸,三亚市,a26bc46d11cd68db47830406535ca7bb
,,,,,,,,明悦怡居万泉,三亚市,a3de7aa255e8bb8339135177a1a83e2d
,,,,,,,,桃源居-御品,三亚市,a402d47f8b3e7d6540c7942469a98357
,,,,,,,,长涛美岭湖,三亚市,a4eb15fe7b68d7ccbaa1abf12864eea1
,,,,,,,,金祥-万卷山,三亚市,a599fb3786ab5ecbd12f1ca8d58eb577
,,,,,,,,滨湖尚城,三亚市,a5b6e147207dc0028ebd01d4c88734dc
,,,,,,,,华田-梅岭,三亚市,a60428fff43fe8001a886b62d2f4c691
,,,,,,,,水岸名都,三亚市,a643bc2b9fcc56bffa5d3b1cc168c7cb
,,,,,,,,福源-林溪谷,三亚市,a6e3310337649f89811de4bb014e10cd
,,,,,,,,海东方,三亚市,a80035f7367aca921028dc7c12d5b8b2
,,,,,,,,农博雅苑,三亚市,a92e3dccb7d614147bad49b978109f23
,,,,,,,,龙溪雅居,三亚市,aa7979a5715a27984f7a18033e8d8935
,,,,,,,,鲁能海蓝福源,三亚市,ad71599f8a30096f07e9001e2db15b63
,,,,,,,,江南乐居,三亚市,ada81e663f847d205fff3ad6a8e43a8c
,,,,,,,,龙沐湾1号海景公馆,三亚市,adbbf196bfeb8eb40dd09cafc54851f6
,,,,,,,,天来泉,三亚市,af197a1fb3e021f7deb6628d65fb95f7
,,,,,,,,海南佰悦湾,三亚市,af626ad69b19d7f3a94d8cbe5cf88f19
,,,,,,,,龙湾-雨林谷,三亚市,affdd34c54044df4b6280c5c6df87abd
,,,,,,,,大观千舍,三亚市,b093e6e02c4a14cf86f4e6c15ab227ae
,,,,,,,,博鳌椰风海岸,三亚市,b096be6f721baa65e93a40b68c49625a
,,,,,,,,融创日月湾,三亚市,b216eacaa957a825ff688246bc45e99a
,,,,,,,,衍宏春天,三亚市,b47224063ed2bced736686a3a6a07ad9
,,,,,,,,万泉美地,三亚市,b5b5dbeb1e8f2ad49777df76688c45fe
,,,,,,,,东方假日,三亚市,b805d00e6520af57286e9f86e075cd59
,,,,,,,,东方天涯驿站,三亚市,b96c4ba6b023af352a04624616725971
,,,,,,,,山海湾温泉家园二区,三亚市,bb0a52c0fe793b860473e5db86355eab
,,,,,,,,盈滨福宜圣地,三亚市,bc060cbf1edf1e28c0d50ade3a39d8da
,,,,,,,,麓鸣海,三亚市,bcb9ef0a8a608f7c0408925aedc0afd0
,,,,,,,,东方左岸时光,三亚市,bd61ac45396739b7f26e68ea30f1ccca
,,,,,,,,新合鑫-观悦城,三亚市,bd78da5469fd5f802d1860dfd34325bf
,,,,,,,,东方锦绣蓝湾,三亚市,bdd11c889497438228be9cee1a5d716b
,,,,,,,,五指山双大和园,三亚市,c0558a00cf9ff77b5730cd3e6da27c25
,,,,,,,,合隆-文澜府,三亚市,c1129733d474fe620796bc1b2791a162
,,,,,,,,壹龄国宾壹号,三亚市,c3226fccfdd8d0f27579ad955dcbb3f0
,,,,,,,,恒大御湖庄园,三亚市,c3650d4ab8df76ff057503e5154d90ae
,,,,,,,,美伦水岸花园,三亚市,c8811e8b8f69b5f3464299959f18b17a
,,,,,,,,四季康城水岸城邦,三亚市,c987200e31c48cf0eb932ae99aaf753e
,,,,,,,,福瑞商业中心,三亚市,c9a63c5fb10b424802f4d18f771df138
,,,,,,,,那香山,三亚市,cab1a93fb838d3e2ca35c5f0162c1ef7
,,,,,,,,海澜国际,三亚市,cb812af832920538426783a913f37c0f
,,,,,,,,公园一品墅,三亚市,cc221bd062abdf1673fea3094a5b7e47
,,,,,,,,银湾天麓,三亚市,cc82302e07fb3e9d1021b4f992f7ef09
,,,,,,,,华西芙蓉海,三亚市,cf008df3343e5d681a9a66007665daf2
,,,,,,,,金泰南燕湾,三亚市,d0d80a9a1507a76d73d8eb389845a866
,,,,,,,,那香山-雨林别墅度假区,三亚市,d139dbdf1c8d7ffef83a6e0222a78432
,,,,,,,,中南-芭提雅,三亚市,d14c89861757141e17c8760c07a1a156
,,,,,,,,海南官塘学院小镇,三亚市,d20597a701eebd5572df53770f16e50a
,,,,,,,,白金海岸,三亚市,d2f10ed3322b79c31f562d90602d19cc
,,,,,,,,文昌天成文锦里,三亚市,d3e82281038d28212c0b8ea55f508102
,,,,,,,,天长椰风水韵,三亚市,d41f52f1aedb453728daeb5d38a6dd46
,,,,,,,,中国铁建-书香小镇,三亚市,d4bc5f31c03a7e5b2d0d2595ab5cda78
,,,,,,,,保利-半岛1号,三亚市,d5adf70597a1c3e48ef33660916eda89
,,,,,,,,汇丰广场,三亚市,d726e82d50f0f8df42de24032ac5fb5f
,,,,,,,,双大野奢世界,三亚市,d7299a3d573989a80c283ea86be529c1
,,,,,,,,汇元-文澜世家,三亚市,d75bb472a13f918d269d9018eb8e0287
,,,,,,,,华晟金海府,三亚市,d793a45fa0437d5a342bab0a4932fe40
,,,,,,,,龙栖湾新半岛,三亚市,d8af9b90b831341487de3f3158c8bea7
,,,,,,,,东方阳光海岸,三亚市,dd98ce4e4904b8cdd826d6ba39e8787b
,,,,,,,,楼厦澜江月,三亚市,defd50a1aadf4fb5f205c4f7c4851be6
,,,,,,,,阳光紫荆花园,三亚市,df1f0ac354861aa13970be8480728dde
,,,,,,,,盈滨绿生花园,三亚市,dfc23c1a93f431956c8242f7e25b7af5
,,,,,,,,四季春城,三亚市,dfd247038a0217db9bd341c8599fb3f6
,,,,,,,,国厦御澜湾,三亚市,dff9cb490ddcf5a89cff229dec667c19
,,,,,,,,福临城,三亚市,e0d8de89a555a1c3d3d8521de6dafc5d
,,,,,,,,东方-山海湾,三亚市,e258621654dcb33ccdcdc0e6f4374db2
,,,,,,,,富力湾别墅,三亚市,e5b3b0d127946c68e5f630f33620b6f6
,,,,,,,,雅居乐清水湾别墅,三亚市,e8cb4103b22aa4df04625bf793b56226
,,,,,,,,新华联香水湾,三亚市,ea765a03b4006bad7fe91bfcba133efd
,,,,,,,,百灵顿华侨星城,三亚市,ebb10073a1c90835ba176a4899cb0a3f
,,,,,,,,融创博鳌金湾,三亚市,ebc6e05867914247ffcfca5050b14403
,,,,,,,,鹭湖国际养生度假区,三亚市,ed9c4452ceb367f4b2eec8b55ffc71ac
,,,,,,,,一品华府,三亚市,eefddd064422f7557a9fc66c359ca00d
,,,,,,,,椰林嘉园,三亚市,f04a4e73921a2755f0c30ebb9d0dbc04
,,,,,,,,海地春天,三亚市,f07c8d60dac3b8b5af1bb453c01e4757
,,,,,,,,国安海岸,三亚市,f0da1b6c533eb0349b603952db6b9a38
,,,,,,,,清水湾智汇城,三亚市,f1d377c9be02e6aad806a5474ca0b331
,,,,,,,,水云居别墅,三亚市,f25187259277507f74692680a47d3cc3
,,,,,,,,碧景阳光,三亚市,f31f0919d92e954e8d0ccc8a732657fa
,,,,,,,,福隆丽水湾,三亚市,f392589a1422add3bfa14ab49ef1c542
,,,,,,,,鸿基蓝山,三亚市,f438015ee07269f34280e49b9bcf51f8
,,,,,,,,群升棋子湾,三亚市,f56e7ca49b1cdbde213a39b0d46384f8
,,,,,,,,恒泰-琉金岁月,三亚市,f6f67f4b2da824e42dce92175a7d5044
,,,,,,,,保元18°花园,三亚市,f7888fdd9154104656ac50010e8ff18d
,,,,,,,,伟业氧立方,三亚市,f7a8dbbca572d088c06028c470fbedb5
,,,,,,,,华信广场,三亚市,f845d8cd45289c58680fc318148dafb9
,,,,,,,,颐和公馆,三亚市,fcd4dcdae317ca3246ff1df114c44fba
,,,,,,,,桐林印象,三亚市,fd978580bd959380694b0ab53ee21cb7
,,,,,,,,石梅春墅,三亚市,fdc8ddef9e983b01f83062b6fae0182f
,,,,,,,,东方新天地,三亚市,ff89b2b7e93dfbf97d5f49cd4dc70e0b
,,,,,,,,兰纳时光,昆明市,8863a818ff3b7b4cbe092439542652da
,,,,,,,,曼泐庄景,昆明市,967727c0a347e27ad623fe9de414c1b8
,,,,,,,,雍城西市,宝鸡市,7f42079a63d23fce96489add762382b8
,,,,,,,,西城国际,宝鸡市,ad150205f268ed633a688f94e4fba1fc
,,,,,,,,华隆-云樾府,宝鸡市,e7961539e683f6403b35a5f1813c8857
