{
    "job": {
        "content": [
            {
                "reader": {
                    "name": "txtfilereader", 
                    "parameter": {
                    "path": ["${path}/${filename}"], 
                    "encoding":"utf-8",
                        "column": [
                            {
                                "index": 0,
                                "type": "string"
                            },
                            {
                                "index": 1,
                                "type": "string"
                            },
                            {
                                "index": 2,
                                "type": "string"
                            },
                            {
                                "index": 3,
                                "type": "string"
                            },
                            {
                                "index": 4,
                                "type": "string"
                            },
                            {
                                "index": 5,
                                "type": "string"
                            },
                            {
                                "index": 6,
                                "type": "string"
                            },
                            {
                                "index": 7,
                                "type": "string"
                            },
                            {
                                "index": 8,
                                "type": "string"
                            },
                            {
                                "index": 9,
                                "type": "string"
                            },
                            {
                                "index": 10,
                                "type": "string"
                            },
                            {
                                "index": 11,
                                "type": "string"
                            },
                            {
                                "index": 12,
                                "type": "string"
                            },
                            {
                                "index": 13,
                                "type": "string"
                            },
                            {
                                "index": 14,
                                "type": "string"
                            },
                            {
                                "index": 15,
                                "type": "string"
                            },
                            {
                                "index": 16,
                                "type": "string"
                            },
                            {
                                "index": 17,
                                "type": "string"
                            },
                            {
                                "index": 18,
                                "type": "string"
                            }
                        ],
                    "fieldDelimiter": "\t",
                    "skipHeader": "true"
                    }
                }, 
                "writer": {
                    "name": "mysqlwriter", 
                    "parameter": {
                        "column": ["url",
                            "city_name",
                            "floor_name",
                            "address",
                            "business",
                            "issue_code",
                            "issue_date",
                            "open_date",
                            "issue_area",
                            "sale_state",
                            "building_code",
                            "room_sum",
                            "area",
                            "simulation_price",
                            "sale_telephone",
                            "sale_address",
                            "room_code",
                            "room_sale_area",
                            "room_sale_state"
                        ], 
                        "connection": [
                            {
                                "jdbcUrl": "jdbc:mysql://172.28.36.77:3306/temp_db?useUnicode=true&characterEncoding=utf8&yearIsDateType=false&zeroDateTimeBehavior=convertToNull&tinyInt1isBit=false&rewriteBatchedStatements=true",
                                "table": ["city_newest_deal_data_check"]
                            }
                        ],
                        "password": "NDR_AhfzXT3MSxfh",
                        "preSql": [],
                        "session": [],
                        "username": "wanganming",
                        "writeMode": "update"
                    }
                }
            }
        ],
        "setting": {
            "speed": {
                "channel": "4"
            }
        }
    }
}
