{
    "job": {
        "content": [
            {
                "reader": {
                    "name": "txtfilereader", 
                    "parameter": {
                    "path": ["${path}/${filename}"], 
                    "encoding":"utf-8",
                        "column": [
                            {
                                "index": 0,
                                "type": "string"
                            },
                            {
                                "index": 1,
                                "type": "string"
                            },
                            {
                                "index": 2,
                                "type": "string"
                            },
                            {
                                "index": 3,
                                "type": "string"
                            },
                            {
                                "index": 4,
                                "type": "string"
                            },
                            {
                                "index": 5,
                                "type": "string"
                            },
                            {
                                "index": 6,
                                "type": "string"
                            },
                            {
                                "type": "string",
                                "value": "0"  
                             }, 
                            {
                                "type": "string",
                                "value": "${time}"    
                             }, 
                            {
                                "type": "string",
                                "value": "${time}"         
                             }, 
                            {
                                "index": 7,
                                "type": "string"   
                             }
                        ],
                    "fieldDelimiter": "\t",
                    "skipHeader": "false"
                    }
                }, 
                "writer": {
                    "name": "mysqlwriter", 
                    "parameter": {
                        "column": ["newest_id",
                            "newest_lnglat",
                            "poi_type",
                            "poi_index",
                            "poi_name",
                            "poi_lnglat",
                            "pure_distance",
                            "dr",
                            "create_time",
                            "update_time",
                            "city"], 
                        "connection": [
                            {
                                "jdbcUrl": "jdbc:mysql://172.28.36.77:3306/dwb_db?useUnicode=true&characterEncoding=utf8&yearIsDateType=false&zeroDateTimeBehavior=convertToNull&tinyInt1isBit=false&rewriteBatchedStatements=true",
                                "table": ["dwb_tag_purchase_poi_info"]
                            }
                        ],
                        "password": "NDR_AhfzXT3MSxfh",
                        "preSql": [],
                        "session": [],
                        "username": "wanganming",
                        "writeMode": "update"
                    }
                }
            }
        ],
        "setting": {
            "speed": {
                "channel": "8"
            }
        }
    }
}
